,theolscale,goodevil,endtimes2,cabal,paranormscale,ednumeric,female,black,hispanic,libdum,consdum,demdum,gopdum,polintnum,psc,trustind1,inteff,exteffic,RWA,imprelnum
1,2,3,1,2,3,5,0,0,0,0,1,0,1,4,-0.292626685,2,3.5,2,1,3
2,3,3,3,4,4.5,3,1,1,0,0,0,1,0,4,-1.361168247,1,4,3,1,4
3,3,4,2.5,4,2.5,4,1,0,0,0,0,1,0,4,-1.448749007,2,2.5,4,1,4
4,3,3,3,3,3,2,0,0,0,0,0,0,0,4,-0.702566383,1,2,4,1,4
5,1,4,1,3,2,6,0,0,0,0,0,0,0,4,1.040470149,2,4,2.5,0,2
6,2,3,1,3,3,5,0,0,0,1,0,1,0,4,1.040470149,2,3.5,3,0.5,1
7,1,2,1,4,2,5,0,0,0,0,1,0,0,4,1.091198807,2,4.5,4.5,1,3
8,2.5,2,2,5,1.5,5,1,0,0,0,1,0,1,4,0.773461439,1,4.5,1.5,1,4
9,2,3,1.5,2,3,5,1,0,0,0,1,1,0,3,-0.64334548,2,3,4,0.5,3
10,3,4,3,4,3.5,6,0,0,0,0,1,0,0,4,0.263797858,1,2,1.5,1,3
11,3,5,2,5,2,4,1,0,0,0,1,0,1,4,0.515744156,1,3,1,0,4
12,1,3,1,4,3,3,1,0,0,0,1,0,1,2,-0.008777846,2,1.5,2,0.5,1
13,3,5,3,1,5,3,1,0,0,0,0,1,0,4,-0.89153298,1,4.5,1,1,4
14,3,3,2,4,4,3,0,0,0,0,1,0,1,4,0.782752865,1,5,2,0,4
15,2,2,2,4,2,5,0,0,0,0,1,0,1,4,0.959251824,2,4.5,3,0,3
16,3,4,2,4,3,5,0,0,0,1,0,1,0,2,0.378793052,1,3.5,2.5,0,3
17,1,2,1,3,1.5,3,0,0,0,1,0,1,0,4,0.187022782,2,3.5,2.5,0,1
18,3,1,1,1,3,3,0,0,0,1,0,1,0,3,0.737404779,2,3,4,0.5,3
19,3,2,2.5,4,3,5,1,0,0,0,1,0,1,4,0.81255808,1,3,1.5,0.5,4
20,3,4,2.5,4,4.5,6,1,0,0,0,1,1,0,4,-1.159578434,2,4.5,3.5,1,3
21,1,1,1,4,1,4,0,0,0,0,0,0,0,3,0.68667612,2,4.5,1.5,0,1
22,3,4,3,5,2,3,0,0,0,0,1,0,1,4,0.68667612,1,4.5,1.5,1,4
23,2,3,1,4,4.5,2,1,0,0,1,0,1,0,2,-1.861656019,1,2.5,1,1,2
24,3,3,2,2,1.5,5,0,0,0,0,1,0,1,4,0.287832087,1,4,3,1,3
25,3,3,2,4,3,3,0,0,0,0,1,0,1,4,0.554840797,2,3.5,2,0.5,3
26,3,4,1.5,NA,3.5,2,1,0,0,0,1,0,1,2,-0.303608414,1,1,1.5,1,4
27,1.5,2,1.5,5,3,4,0,0,0,1,0,1,0,4,0.298817773,1,4,3.5,0.5,1
28,3,3,2,4,3.5,6,0,0,0,0,1,0,1,4,0.434525831,2,3.5,2.5,0,4
29,3,2,2,5,5,4,0,0,0,0,0,0,0,4,-0.559159842,2,3,2.5,0.5,4
30,3,3,2,4,4.5,6,0,0,0,0,1,0,1,4,0.944505063,1,4,2,0.5,2
31,3,4,2.5,3,4,2,0,0,0,0,0,0,1,3,-1.861656019,1,2.5,2,1,3
32,1,2,1.5,3,1.5,3,1,0,0,1,0,1,0,4,1.091198807,1,4.5,2,1,1
33,3,4,1.5,5,4,6,0,0,0,0,1,0,1,4,1.091198807,1,5,1,0,3
34,1.5,1,1,3,4,3,0,0,0,1,0,1,0,4,-0.381097948,1,4,1,0.5,1
35,3,1,2,5,1,3,0,1,0,1,0,1,0,4,0.297574727,1,4,2,0.5,4
36,1,1,1,4,1.5,2,0,0,1,1,0,1,0,3,0.485254489,2,4,2,0,1
37,2,2,1,4,2,5,0,0,0,1,0,1,0,4,0.153565802,2,4.5,2,0.5,2
38,2,2,1,4,4.5,4,1,0,0,1,0,1,0,4,0.177371421,1,4.5,3,0,1
39,1,4,1,4,1.5,5,0,0,0,1,0,1,0,4,1.091198807,1,4.5,2,0,1
40,2,2,2,2,3,3,1,0,0,0,0,0,0,3,-0.84280469,1,2.5,1.5,0.5,4
41,1,3,1.5,4,2,5,1,0,0,1,0,1,0,3,0.959251824,1,2.5,2.5,0.5,1
42,2,3,1.5,4,3,5,0,0,0,0,1,0,0,3,0.81255808,1,4,1,0,2
43,1.5,3,1,4,3,5,0,0,0,1,0,1,0,4,0.556535057,2,3.5,2.5,0.5,1
44,2,3,1,3,3,3,0,0,0,0,1,0,1,4,1.040470149,2,3,2.5,1,3
45,1.5,3,1,3,3,5,1,0,0,1,0,1,0,4,0.248651989,2,4.5,2,0,1
46,2,3,1,4,2.5,4,0,0,0,1,0,1,0,4,0.959251824,2,2.5,2.5,0.5,4
47,1,3,1,3,4.5,1,0,0,0,0,1,0,1,3,0.091059973,1,2.5,1.5,0.5,1
48,3,5,3,3,2.5,5,1,0,0,0,1,0,1,3,0.702097414,1,3,3,1,4
49,3,3,3,3,2,5,0,0,1,0,1,0,1,2,-1.448749007,2,3,3,1,4
50,2,3,2,3,3,3,0,0,0,0,0,1,0,4,0.056047285,2,4,4,1,4
51,3,2,1.5,3,2,5,0,0,0,0,1,0,1,4,1.091198807,2,4,2,1,4
52,3,3,1.5,4,4.5,2,1,0,0,0,0,0,0,2,-1.042775044,2,1.5,2.5,0.5,3
53,2.5,3,1.5,3,4.5,2,1,0,0,1,0,1,0,3,-0.548649708,2,2.5,2.5,0.5,4
54,1.5,3,2,3,4,2,1,0,0,1,0,1,0,4,1.009980482,2,2,1,0,1
55,2,1,1.5,3,1.5,5,0,0,0,0,1,0,1,4,0.959251824,2,4,3,1,4
56,3,2,2,3,4.5,4,0,0,0,1,0,1,0,4,0.41977907,1,4,4,0.5,3
57,1.5,3,1,5,1,3,0,0,0,1,0,1,0,4,1.009980482,1,4,1.5,1,3
58,1,1,1,5,2.5,5,0,0,0,0,0,0,1,4,0.380598972,1,5,1,0,1
59,2.5,3,2,5,2,4,0,0,0,0,1,0,0,4,1.091198807,2,3,1.5,0.5,3
60,1,2,1,2,2,5,0,0,0,0,0,0,1,4,0.692243115,2,4,3.5,0.5,2
61,1.5,1,1,1,3.5,3,0,0,0,0,0,1,0,4,0.42952171,1,4.5,1.5,0.5,3
62,2.5,2,1.5,5,2.5,3,0,0,0,0,1,0,1,4,1.040470149,1,3,1.5,0.5,3
63,2.5,2,2,5,5,3,1,0,0,1,0,1,0,3,-0.192584874,2,4,2.5,0.5,3
64,3,2,1.5,5,3.5,5,1,0,0,1,0,1,0,3,-1.140865939,2,3,3.5,0.5,4
65,2.5,2,1.5,5,3.5,2,1,0,0,1,0,0,0,4,0.515744156,1,3.5,2,0.5,3
66,3,5,2,5,2,2,1,0,0,0,1,0,1,3,0.566472814,1,1,1,0.5,3
67,1.5,5,1.5,4,3.5,5,1,0,0,0,1,0,1,4,1.091198807,2,4.5,1,1,2
68,3,3,2,4,4,5,1,0,0,0,0,0,0,1,-1.10528315,1,1,2,0.5,4
69,2,2,3,4,2.5,6,0,0,0,0,1,0,1,4,0.519820881,1,4,1.5,1,4
70,3,3,1.5,3,2.5,5,0,0,0,0,1,0,1,4,1.009980482,1,2.5,2.5,0.5,4
71,3,2,1,1,2.5,6,0,0,0,0,1,0,1,4,0.678291795,2,4,3,1,3
72,3,4,2,1,4.5,4,0,0,0,0,1,0,1,4,0.81255808,2,3.5,3,0,4
73,1.5,1,1,2,1.5,5,0,0,0,1,0,1,0,4,1.091198807,2,4.5,4.5,0,3
74,3,5,2.5,4,4.5,2,1,0,0,1,0,1,0,3,-0.201107125,1,3,2.5,0.5,3
75,3,2,2.5,4,3.5,2,1,0,0,0,1,0,1,3,0.615785966,2,4,2,0,4
76,3,5,3,5,2,6,1,0,0,0,1,0,1,4,0.519820881,2,4.5,3,1,4
77,3,4,2,2,2.5,2,1,0,0,0,1,0,1,3,-0.443606053,1,2.5,2,1,3
78,2,5,1.5,4,4.5,3,1,0,0,1,0,1,0,3,0.42952171,2,2.5,2.5,0.5,3
79,1,2,1,4,2,5,1,0,0,1,0,1,0,3,-1.861656019,2,2,2,0.5,1
80,3,4,2.5,3,2.5,5,0,0,0,0,1,0,1,2,0.322647382,1,2,2,1,4
81,2,2,1,2,3.5,6,1,0,0,1,0,1,0,4,0.040329039,2,3.5,4,0.5,4
82,2,3,1,4,3.5,6,0,0,0,0,1,0,1,4,0.187022782,1,2.5,1.5,1,4
83,3,3,2.5,4,1.5,3,1,0,0,0,1,0,1,4,-0.579139374,1,2.5,2,1,4
84,3,4,1.5,4,3,3,1,0,0,0,1,0,1,4,-0.191341828,2,3,2,0,4
85,3,1,1.5,3,3,5,0,0,0,0,0,0,1,4,0.485254489,2,5,1,0.5,4
86,2,2,1,3,3,3,0,0,0,0,0,1,0,4,1.040470149,1,4,2.5,0.5,2
87,2,4,1,3,3,5,1,1,0,1,0,1,0,4,-0.26755403,2,4,4,0.5,2
88,3,4,1.5,4,2,3,0,0,0,0,0,1,0,4,1.040470149,2,4,1.5,1,4
89,3,2,2,5,3.5,3,1,0,0,0,1,0,1,4,0.566472814,1,4,1.5,1,4
90,2,5,1.5,4,5,6,0,0,0,0,0,0,0,3,-0.1198888,1,3.5,2.5,1,3
91,3,2,2,4,1,2,0,0,0,0,1,0,1,4,1.040470149,1,4,2,1,3
92,3,2,3,2,4,5,0,0,0,0,1,0,1,4,0.863286739,1,4.5,3,1,4
93,3,3,3,5,4,2,0,0,0,0,1,0,1,3,-1.714962275,1,3,1,0,4
94,3,3,2,3,3.5,3,0,0,0,0,1,0,1,4,1.009980482,1,4,2,1,4
95,2,5,1,1,4.5,5,0,0,0,0,1,0,1,4,0.237751441,2,5,4,1,2
96,2,4,2.5,5,4,5,0,0,0,0,0,1,0,4,-1.068031939,1,4,1,1,2
97,1,3,1.5,4,3,5,0,0,0,1,0,1,0,4,0.81255808,1,4.5,4,0.5,1
98,3,5,2.5,3,1.5,5,0,0,0,0,1,0,1,4,1.091198807,1,4,1.5,0.5,3
99,3,4,2,3,3,6,0,0,0,0,1,0,1,4,1.091198807,1,5,2,0.5,2
100,2,4,1.5,2,1.5,5,0,1,0,0,0,1,0,4,0.61578369,2,4,1.5,1,3
101,3,4,2,3,2.5,3,0,0,0,0,1,0,1,4,1.009980482,2,4,2,1,4
102,3,4,2,5,4.5,2,0,0,0,0,1,0,0,4,0.81255808,1,4,1.5,0.5,4
103,3,2,2,2,4,1,0,0,0,0,0,1,0,4,0.434525831,2,4,1.5,0,3
104,3,4,2.5,4,4.5,6,1,0,0,0,1,1,0,4,0.409841313,1,4.5,2,0.5,4
105,1,4,1,4,5,5,1,0,0,1,0,1,0,4,0.863286739,2,3,2,0,1
106,1.5,3,1,3,2,6,1,0,0,1,0,1,0,4,1.091198807,2,4.5,3,0,4
107,3,NA,2.5,4,4.5,5,1,0,1,0,0,1,0,3,-0.321984964,2,2.5,2,0.5,3
108,1.5,3,1,3,3.5,5,1,0,0,1,0,1,0,4,0.105804458,2,4,2.5,0.5,1
109,3,4,3,4,2.5,2,1,0,0,0,1,0,1,3,0.066375456,2,1.5,1,1,4
110,2,3,2,3,2.5,2,1,0,0,0,0,0,0,1,-1.861656019,1,1,1.5,0,2
111,3,4,2.5,4,4.5,2,1,0,0,0,1,0,0,3,0.702097414,1,3,2,1,3
112,2.5,3,2,5,2.5,4,0,0,0,1,0,1,0,4,1.091198807,1,5,1.5,0.5,3
113,3,2,2.5,2,2.5,5,0,0,0,0,1,0,1,4,0.515744156,1,3,1.5,0.5,4
114,2,3,2,NA,2,5,0,1,0,1,0,1,0,4,0.566472814,1,2,1.5,1,4
115,1,3,1,4,1,6,0,0,0,1,0,1,0,4,1.091198807,2,5,2,0,1
116,2,3,1,3,3,6,0,0,0,0,0,0,0,4,1.091198807,2,3,2,0,1
117,2,2,1,3,2.5,6,0,0,0,0,0,0,0,4,0.42952171,2,4,1.5,0,4
118,3,4,2.5,3,4.5,3,1,0,0,0,1,1,0,2,-1.55377295,2,3,2.5,0,3
119,2,3,2,3,3,4,1,0,0,0,0,0,0,NA,-1.861656019,1,3,3,0.5,4
120,1,1,1,3,2,5,1,0,0,1,0,1,0,4,1.091198807,2,4,2,0,1
121,3,5,2,5,2.5,3,1,0,0,0,1,0,1,4,0.678291795,1,3.5,2.5,0.5,3
122,3,2,3,3,1,5,1,0,0,0,1,0,1,4,-0.292626685,1,3.5,2,1,4
123,3,3,1.5,2,2,5,0,0,0,0,1,0,1,4,1.040470149,1,4.5,2,0,4
124,3,4,2.5,2,4,5,0,0,0,0,1,0,1,4,0.863286739,2,5,2.5,0.5,4
125,3,1,1,1,3.5,3,0,0,0,0,0,1,0,4,0.515744156,1,2.5,2.5,0.5,2
126,1,4,1,5,2,3,0,0,0,0,1,0,1,4,0.959251824,1,5,1,0.5,1
127,3,3,2.5,3,4,5,0,0,0,0,1,0,1,4,1.040470149,1,4,2,1,4
128,1,2,1,2,1.5,6,0,0,0,1,0,1,0,4,1.009980482,2,4,4,0.5,1
129,3,4,2.5,4,4,6,0,0,0,0,1,0,1,4,0.566472814,1,3.5,2,0.5,4
130,1,2,1,4,1.5,5,0,0,0,0,1,1,0,4,1.040470149,1,4.5,2.5,0.5,1
131,3,5,3,4,1,4,0,0,0,0,1,0,1,4,0.515744156,1,4,3,1,4
132,3,3,3,3,4,3,0,0,0,0,1,0,0,2,-0.786752021,2,1.5,2,1,4
133,3,4,1,5,1.5,2,0,0,0,0,0,1,0,4,0.678291795,1,2,2,1,4
134,3,4,1.5,4,1.5,2,1,0,0,0,1,0,1,4,0.515744156,1,3.5,2.5,0,2
135,2.5,2,1.5,4,3,5,0,0,0,0,1,0,0,4,0.651368755,2,4,2,0,1
136,2,4,1,3,3,5,0,0,0,0,0,0,1,4,0.434525831,2,4,3.5,0,2
137,1,3,1,1,1,4,0,0,0,0,1,0,0,4,1.091198807,2,4.5,1,0.5,1
138,2.5,2,2,4,2.5,3,0,0,0,0,1,0,1,4,1.040470149,1,4,2.5,1,3
139,2,4,3,4,1,5,0,0,0,0,0,1,0,4,0.161950127,2,4,1,1,4
140,1,3,1,2,2.5,3,0,0,0,0,1,0,1,4,-0.05563377,1,3,3,1,2
141,3,3,2.5,3,3,4,1,0,0,0,1,1,0,2,-1.861656019,2,3,2.5,1,4
142,3,4,1,5,3,5,1,0,0,1,0,1,0,4,1.040470149,1,5,1.5,0.5,4
143,1.5,4,2,4,1.5,2,1,0,0,1,0,1,0,4,0.141788632,1,3,1.5,1,3
144,3,3,1.5,2,3,5,1,0,0,0,1,0,1,4,0.519820881,2,5,3.5,0.5,3
145,2,4,1.5,5,5,3,1,0,0,1,0,1,0,4,1.040470149,2,3,1,0.5,1
146,2,2,2,2,2.5,2,1,0,0,0,1,0,1,4,0.409841313,2,4.5,4,0.5,2
147,2,4,2.5,3,1.5,4,0,0,0,0,1,0,1,4,0.338560746,2,4,4,0.5,4
148,3,1,1,4,3,3,0,0,0,0,1,0,1,3,-0.37384501,2,4,2,1,4
149,3,4,1.5,4,3,2,1,0,0,1,0,1,0,3,0.131403939,1,2,1.5,0.5,2
150,2.5,4,1.5,4,3,5,1,0,0,1,0,1,0,4,1.040470149,2,5,2.5,0,4
151,1,1,2.5,5,2,4,1,0,0,1,0,0,0,3,-1.861656019,1,2,4,0,1
152,2,2,2,4,4.5,2,1,0,0,0,0,0,0,2,-0.505143981,2,1.5,2,0.5,2
153,3,2,2,2,1.5,5,1,0,0,0,1,0,1,4,0.81255808,1,2,2,1,4
154,1,2,1,5,1,3,0,0,0,1,0,1,0,3,0.031809064,1,3.5,1,1,1
155,3,3,1,5,1,2,1,0,0,0,0,1,0,1,-1.861656019,2,1,1,0.5,3
156,2,3,2,3,3,6,0,0,1,0,1,0,0,3,0.554840797,1,2.5,2.5,1,4
157,3,4,3,5,1,3,0,0,0,0,1,0,1,4,1.040470149,2,5,4,0.5,4
158,2,3,2,3,3,2,1,0,0,0,0,0,0,1,-1.448749007,1,3,3,1,2
159,1,3,1,4,4,3,1,0,0,1,0,1,0,3,1.091198807,1,4,1,0,1
160,2,5,1.5,4,2.5,1,0,0,0,0,0,0,0,3,-0.318355175,1,2,1,1,2
161,3,4,2.5,3,1,5,0,0,0,0,1,0,1,4,0.742971773,2,4.5,3.5,1,4
162,3,4,2.5,3,2,5,1,0,1,0,0,0,1,3,0.893776405,1,4,3,0,4
163,2,3,1.5,5,2.5,5,1,0,0,0,1,1,0,3,-0.786752021,2,1.5,1,0.5,2
164,2,2,2,4,4,5,1,0,0,0,1,0,1,3,-1.861656019,2,3,1.5,0.5,2
165,3,3,1.5,5,2,4,1,0,0,1,0,0,0,4,1.091198807,2,2,1,1,3
166,2,3,1.5,3,2.5,5,0,0,0,1,0,1,0,4,-0.11488468,2,4,2,0,2
167,2,2,1.5,5,5,3,1,0,1,1,0,1,0,4,-0.579139374,1,3,2,0,3
168,1,1,1,2,1,5,0,0,0,1,0,0,0,4,0.187022782,2,4.5,1.5,0,3
169,3,3,1,4,3.5,3,1,0,0,0,1,0,1,1,-0.023923715,1,1.5,2,1,3
170,3,2,1.5,4,4.5,3,1,0,0,0,0,0,1,2,-0.49481581,2,2,2,0.5,4
171,3,3,1,2,3.5,2,0,0,0,1,0,1,0,3,-0.05563377,2,3,3.5,0,3
172,3,4,2.5,4,3.5,2,0,0,0,0,1,0,1,4,-0.19485568,1,2,2,1,3
173,3,4,1,4,3.5,5,1,0,0,0,0,1,0,3,-0.995303582,1,2.5,2.5,1,4
174,1.5,2,1.5,1,1,2,0,0,0,0,1,0,1,4,-0.728294873,1,2,2,0.5,4
175,3,NA,2.5,5,2.5,2,1,0,0,0,0,0,1,3,0.307902898,1,1.5,4,0.5,4
176,2,3,3,4,4.5,2,0,0,0,0,1,0,1,4,0.207861087,2,3,2,1,2
177,2,3,1.5,4,1.5,5,1,1,0,0,0,1,0,4,0.126642762,1,4.5,2.5,1,3
178,2,2,1.5,4,1.5,5,0,0,0,0,1,0,1,3,0.13726561,2,2.5,2,0.5,2
179,3,2,2,1,1,5,0,0,0,0,1,0,1,4,1.091198807,1,3,4,1,4
180,2.5,1,1,2,1,6,0,0,0,0,1,0,1,4,0.237751441,2,4.5,2,1,3
181,3,4,2.5,2,1.5,2,0,0,0,0,1,1,0,3,-0.754456435,2,2.5,4,1,4
182,2.5,3,1,4,5,3,1,0,0,1,0,1,0,1,-0.200633254,1,3.5,2.5,0.5,1
183,3,3,2,5,4,2,0,1,0,0,0,1,0,4,-0.013595544,1,3,2,0.5,1
184,2.5,2,1,4,2,5,0,0,0,1,0,1,0,4,1.040470149,2,3.5,2,1,3
185,1,2,1.5,4,2.5,2,1,0,0,0,0,1,0,4,-0.105714417,2,2.5,2.5,0,2
186,3,4,1,2,2.5,2,0,0,0,0,1,1,0,4,-0.164965326,1,2.5,1,0.5,4
187,2,1,1,1,3,5,1,0,0,1,0,1,0,4,0.434525831,1,4,3,1,4
188,2,3,3,1,2,2,0,0,0,0,1,0,1,4,0.262103597,2,3,2,0.5,4
189,2,4,2,3,2,2,1,0,0,0,1,0,0,1,-1.861656019,1,1.5,2,1,2
190,3,1,1.5,3,2,4,1,0,0,0,1,0,1,4,0.863286739,1,4.5,3,0,3
191,3,3,2.5,2,1,3,1,0,0,0,1,1,0,4,0.187022782,1,4,3.5,1,4
192,3,4,1,5,5,5,1,0,0,1,0,1,0,4,-0.156443075,1,4,3,1,3
193,1,2,1,4,1,2,0,0,0,1,0,1,0,4,1.040470149,2,3.5,1,0,1
194,3,5,1.5,5,1.5,5,1,0,1,0,0,1,0,4,-0.37384501,1,4.5,1,1,3
195,2,2,2,4,1,4,0,0,0,0,1,0,1,4,0.630530451,1,4.5,1,1,1
196,3,3,2.5,4,2,2,1,0,0,0,1,0,1,4,1.009980482,1,4.5,3,1,4
197,3,2,2.5,3,4.5,3,1,0,0,0,1,0,1,4,0.959251824,1,4,5,1,4
198,1,5,1.5,2,1,3,1,0,0,1,0,1,0,4,-0.558839953,1,3.5,3,0,1
199,1,2,1,5,1,3,0,0,0,1,0,0,0,4,0.630530451,2,3,1,0,1
200,3,2,1,4,2.5,4,0,0,0,0,0,0,0,2,-1.199978922,1,1.5,2,0.5,2
201,2,3,2,4,2,2,0,0,0,0,1,1,0,2,-0.275641402,1,1.5,2,0.5,3
202,2.5,4,1.5,4,2,2,0,0,0,0,1,1,0,4,-0.040889286,1,4.5,1.5,1,4
203,3,1,2,3,3,4,1,0,0,1,0,1,0,3,-0.348772354,2,3.5,2,1,4
204,2,3,2,3,3,3,1,0,0,0,0,0,1,4,-0.020050981,1,3,3,0,1
205,1,3,1,4,1.5,6,0,0,0,1,0,1,0,4,1.091198807,1,4,2,0,1
206,1,3,1,3,2,6,0,0,0,1,0,1,0,4,1.040470149,2,4.5,1.5,0,3
207,1,3,1,4,1,6,0,0,0,1,0,1,0,4,0.81255808,2,3.5,1.5,0,1
208,2,3,2,4,4,5,0,0,0,1,0,1,0,4,-0.120860286,1,3.5,1.5,1,2
209,2,3,2,3,3.5,3,0,0,0,0,1,0,0,3,-1.729709036,2,3,3,0,3
210,3,5,3,5,4,2,0,0,0,0,1,0,1,4,0.585893337,1,3,1,0.5,3
211,3,3,1.5,5,3,6,0,0,0,0,1,0,0,3,0.101958245,1,3,1,1,3
212,3,3,2.5,3,4.5,4,0,0,0,0,1,0,1,4,0.833481523,2,5,2.5,0,4
213,3,4,3,4,4.5,3,0,0,0,0,1,0,1,4,-1.04433798,1,2.5,1,1,4
214,3,1,2.5,1,3,6,0,1,0,0,0,1,0,4,0.485254489,2,5,4,1,4
215,3,2,2,1,2.5,6,0,0,0,0,0,0,0,4,1.040470149,1,4.5,3.5,0.5,4
216,3,4,1,1,3.5,5,0,0,0,0,1,0,1,4,1.040470149,1,5,2.5,1,4
217,3,4,2,3,2.5,2,1,0,1,0,1,0,0,2,-1.251326605,1,3,2,1,4
218,1.5,3,1,2,2,2,1,0,0,0,0,1,0,3,0.783315739,1,2,2,1,2
219,2.5,3,3,5,2,2,1,0,0,0,1,0,0,NA,-1.861656019,1,3,1,0,4
220,2,4,1.5,3,3,2,1,0,0,0,1,0,0,2,-0.702566383,1,2.5,2,1,4
221,2,1,1,4,3.5,2,0,0,0,1,0,1,0,4,0.762477434,2,3,2,0.5,2
222,3,3,3,4,1,3,0,0,0,0,1,0,1,2,-0.97333389,1,3,3,1,4
223,3,1,1,2,4,3,1,0,0,0,0,1,0,2,0.329870313,1,2,2,0.5,1
224,3,4,2.5,4,3,3,0,1,0,0,0,1,0,2,0.126642762,1,1.5,2.5,1,3
225,3,5,3,5,3,2,1,0,0,0,0,1,0,2,-0.176422608,1,5,1,1,4
226,3,2,2.5,2,5,2,1,0,0,0,1,0,1,4,1.091198807,1,4,3,0.5,3
227,3,4,3,5,1.5,2,1,0,0,0,1,0,1,4,-0.091690431,1,3.5,2.5,1,4
228,3,3,2,2,3,5,0,0,0,0,1,0,1,4,0.959251824,2,4.5,4,0.5,4
229,3,4,3,4,2.5,5,1,0,0,0,1,0,1,3,-0.776561777,2,3,4,1,4
230,3,4,3,3,4,2,1,0,0,0,0,0,0,1,-1.448749007,1,2,3.5,1,4
231,3,2,2,2,3,6,0,0,0,0,1,0,0,1,0.519820881,2,3.5,4,1,4
232,2.5,3,2,3,2,5,0,0,0,0,1,0,1,4,0.287064593,1,4,2,0.5,3
233,3,2,2,1,4.5,3,0,0,0,1,0,1,0,4,1.009980482,2,5,5,0,4
234,3,2,1.5,2,3.5,5,0,1,0,1,0,1,0,4,0.469092223,2,5,2.5,0.5,3
235,2,4,2,2,3,2,1,0,0,0,1,0,1,2,-0.702566383,2,3,2,1,3
236,3,4,1.5,5,4.5,2,1,0,0,0,0,0,0,2,-0.450302158,1,2.5,1,1,3
237,2.5,4,1.5,2,3.5,2,1,0,0,1,0,1,0,4,0.504675012,1,2.5,3.5,0.5,3
238,2,5,1.5,5,5,5,1,0,0,1,0,1,0,3,0.061167343,2,1,1,1,4
239,3,4,2.5,4,4,2,1,0,0,0,0,1,0,4,0.566472814,1,3.5,3,1,4
240,3,5,3,5,5,2,1,1,0,0,1,1,0,1,-1.275132224,1,3,1,1,4
241,3,3,3,4,1.5,2,1,0,0,0,1,0,1,4,-0.362387728,1,5,3,1,4
242,3,3,2.5,4,4.5,2,0,0,0,0,1,0,1,3,-0.458350537,2,2.5,1,1,3
243,2,2,1.5,2,2.5,6,0,0,0,0,1,0,1,4,1.091198807,1,5,1.5,0.5,2
244,3,4,1.5,5,3.5,3,1,0,0,1,0,1,0,4,0.81255808,2,1.5,2,0.5,4
245,3,4,2,4,2,2,1,0,0,0,0,1,0,2,-0.629868033,1,2,2.5,0.5,4
246,2.5,2,2.5,4,2.5,2,0,0,0,0,1,1,0,4,0.678291795,2,2.5,3.5,0,4
247,3,5,2,5,3,4,1,0,0,0,1,0,1,4,0.863286739,1,3.5,2,1,4
248,3,4,2.5,3,4,2,1,1,0,0,0,0,0,NA,-1.861656019,1,3,4,1,4
249,2.5,4,2,5,4,2,1,0,0,0,1,0,1,4,0.287832087,1,5,2.5,0.5,4
250,3,4,2.5,3,1,4,1,1,0,0,0,1,0,4,-0.167512219,1,3,2,1,4
251,1,3,2,3,3,2,1,0,0,0,0,0,0,3,-1.861656019,1,3,3,0.5,1
252,2,1,2,4,3.5,2,1,0,0,1,0,1,0,3,0.711748775,2,3,1,0,3
253,1,1,1.5,4,1,5,1,0,0,1,0,1,0,2,-0.973336167,2,2.5,3,0,3
254,1,1,1,3,1,6,1,0,0,1,0,1,0,3,0.287832087,2,2,4.5,0,1
255,2.5,4,2,2,1.5,5,0,0,0,0,0,0,1,4,1.040470149,2,4.5,2.5,0.5,3
256,3,2,3,5,1,6,1,1,0,0,0,1,0,3,0.566472814,1,3,2.5,1,4
257,3,4,1,4,3,2,1,0,0,0,1,0,1,4,-0.49792105,2,3,2,0.5,4
258,3,5,2,5,4.5,2,1,0,0,1,0,0,0,2,-1.664233617,1,2,1,1,2
259,3,5,2.5,5,5,2,1,0,0,1,0,1,0,4,1.040470149,1,4.5,1,0.5,4
260,3,4,2.5,4,4.5,4,0,0,0,0,1,0,1,3,-0.37384501,2,4,1,1,4
261,2,3,1.5,3,2.5,4,0,1,0,0,1,0,1,4,0.833481523,2,5,4,0.5,2
262,3,5,1,5,4.5,2,0,0,0,0,0,1,0,4,-0.348772354,1,2.5,1.5,1,4
263,3,3,1,4,2.5,6,0,0,0,0,0,1,0,3,0.70153454,2,3.5,2,1,4
264,1,2,1,1,1,5,0,0,0,0,0,0,1,4,-0.797262155,2,2,1,0,1
265,3,4,3,4,3.5,2,1,0,0,0,1,0,1,3,-1.024064825,2,3,3,0.5,4
266,3,3,2,4,4,2,1,0,0,0,1,0,1,1,-1.302055264,1,2,2,0.5,4
267,2,4,1,5,2.5,3,1,0,0,1,0,1,0,3,0.959251824,2,2.5,1.5,0.5,3
268,3,5,1,4,4.5,2,1,0,0,0,1,1,0,3,-0.717310867,1,4.5,1,1,4
269,1,3,1,4,2,4,0,0,0,0,1,1,0,1,-1.190236282,1,4,1,1,1
270,2,3,1.5,4,3,4,0,0,0,0,0,1,0,4,1.091198807,2,4,2,1,2
271,3,3,2,3,4.5,2,1,0,0,0,1,1,0,NA,-1.398020349,1,2,3,0.5,2
272,3,2,2.5,2,1.5,6,1,0,0,0,1,0,1,4,0.824190098,1,4.5,1,0.5,3
273,3,3,2,4,3,2,1,0,0,0,1,0,1,4,0.105804458,1,4.5,1.5,0.5,4
274,1,1,1,4,1,5,0,0,0,1,0,1,0,4,1.040470149,2,5,5,0,1
275,3,2,1.5,2,1,6,0,0,0,0,1,0,1,4,0.863286739,2,4.5,3,1,4
276,3,5,1.5,5,4.5,2,1,0,0,0,1,0,1,3,-1.120027634,2,1.5,1.5,1,4
277,2.5,3,2.5,3,3,2,1,0,0,0,0,0,0,NA,-1.861656019,1,3,3,1,3
278,3,3,2.5,5,4,2,0,0,0,0,1,1,0,4,0.959251824,1,5,3,0.5,4
279,3,5,1.5,5,3.5,2,0,0,0,0,1,0,1,4,0.237751441,1,3,1,0.5,2
280,1,2,1,3,1,3,0,0,0,1,0,1,0,4,-0.456992222,2,4.5,2.5,0,1
281,1.5,4,1,5,3,3,1,0,0,1,0,1,0,4,0.42952171,2,3,1,0.5,2
282,3,2,2,1,3.5,4,1,0,0,0,0,0,0,1,-1.81092736,1,3,1,1,4
283,3,2,1,2,1,5,0,0,0,0,0,1,0,4,1.040470149,2,4.5,4,0.5,4
284,1,2,1,4,2,5,1,0,0,1,0,1,0,4,1.091198807,1,4,2,0,1
285,2,3,1.5,3,1.5,4,1,0,0,0,0,0,0,4,1.040470149,1,2.5,3,0.5,2
286,3,5,2,3,3.5,2,1,0,0,0,0,0,0,1,-1.861656019,1,1.5,2.5,1,1
287,3,5,2.5,5,4.5,6,1,0,0,0,1,0,1,4,0.434525831,1,3,1,0,2
288,2.5,4,1.5,3,2,5,1,0,0,0,0,0,1,3,-0.162694521,2,2.5,3.5,0,4
289,3,2,1,5,2,3,0,0,0,0,1,1,0,3,0.322647382,1,2.5,1.5,0.5,4
290,2,2,1,5,3,3,1,0,0,0,0,0,1,3,0.782752865,1,4,2.5,0,1
291,2,3,2,4,3.5,5,1,0,0,1,0,1,0,4,0.191099508,2,2.5,3,0.5,2
292,3,1,2,5,5,3,0,0,1,1,0,0,0,1,-1.054554491,1,5,3,0.5,2
293,3,4,2,2,4,2,1,0,0,1,0,1,0,4,-1.04603224,1,2,3.5,1,4
294,3,2,1.5,4,2.5,4,0,0,0,0,1,0,1,4,-0.040889286,1,4.5,4.5,1,4
295,1,1,1,2,1,4,1,0,0,1,0,1,0,4,1.009980482,2,4,4,1,1
296,2,4,1.5,4,4.5,5,1,0,0,0,1,0,1,4,1.009980482,2,4.5,2.5,0.5,3
297,2,1,1,5,1,5,1,0,0,1,0,1,0,4,0.434525831,2,2.5,1.5,1,3
298,3,3,2,3,4.5,4,1,1,0,0,0,1,0,4,-0.176422608,1,3,4,1,4
299,1,2,1,4,2.5,6,1,0,0,1,0,1,0,4,0.469092223,2,3.5,3,0.5,1
300,3,2,1.5,2,4.5,2,1,0,0,1,0,0,1,3,-1.00255652,2,3,1,1,3
301,2,3,1,3,2.5,5,0,0,0,0,1,0,1,4,1.040470149,1,5,3.5,1,4
302,2,2,2,2,4.5,3,0,0,0,1,0,1,0,4,0.369050412,2,4,5,0,3
303,2,3,2,5,3,2,0,0,0,1,0,1,0,4,1.091198807,1,5,3.5,1,2
304,3,3,3,3,1,3,0,0,0,0,1,0,1,4,1.091198807,2,4.5,3.5,1,4
305,3,3,2,5,5,2,1,0,0,0,0,0,1,2,-1.861656019,1,1,1,0.5,4
306,2,1,2,2,3.5,3,0,0,0,1,0,1,0,2,0.031809064,2,3,4,0.5,2
307,1,2,1,4,1.5,3,0,0,0,1,0,1,0,1,-0.113526365,2,2,1.5,0.5,1
308,3,2,1.5,4,3.5,3,1,0,0,0,0,1,0,2,-1.518190161,2,1.5,2.5,1,4
309,1,4,1.5,2,3.5,3,0,0,0,0,1,0,1,4,0.515744156,2,4.5,1,0.5,2
310,3,3,3,3,4.5,3,0,1,0,0,1,1,0,3,-0.640378167,1,2.5,2,0.5,4
311,2.5,4,2.5,1,5,4,1,0,0,0,0,0,1,2,-0.861043314,1,2,2,0.5,4
312,3,4,1.5,4,4,2,1,0,0,1,0,1,0,3,0.711748775,2,3,1,0.5,4
313,2,1,2,4,1,3,0,0,0,0,0,0,1,4,0.566472814,2,4,3.5,1,1
314,3,4,1,3,1.5,1,0,0,0,0,1,0,1,4,0.81255808,2,4.5,2.5,1,4
315,2,3,2,5,2,5,0,0,0,1,0,1,0,3,0.086055853,1,3,3,1,3
316,3,3,2,5,2,2,1,0,0,0,1,0,1,4,0.515744156,1,1.5,1.5,1,3
317,2,2,2,4,5,4,1,0,0,1,0,1,0,4,1.091198807,1,3.5,2.5,0,4
318,3,4,2.5,3,4.5,2,1,0,0,0,0,0,1,3,-0.848464685,1,1,2,1,3
319,3,3,2,3,4,3,0,0,0,0,1,0,1,4,0.42952171,2,4,2,0.5,3
320,3,2,1.5,2,1.5,3,0,0,0,0,0,0,1,1,-1.518190161,2,2.5,2.5,1,3
321,1.5,3,1.5,2,2.5,4,0,0,0,0,1,0,1,4,0.556535057,2,4,5,0.5,3
322,2.5,2,2,5,3,3,0,0,0,0,0,0,0,4,-1.861656019,2,2,2,1,4
323,3,2,2.5,2,2.5,5,1,0,0,0,0,0,1,3,-0.156443075,1,2,2.5,1,3
324,1,2,1,4,1.5,2,0,0,0,1,0,1,0,3,1.040470149,1,3.5,2,0,1
325,3,1,3,5,5,3,0,0,0,1,0,0,0,4,0.566472814,2,2.5,5,0.5,4
326,3,3,3,3,1,3,0,0,0,0,1,0,1,4,-0.11488468,1,3,2,0.5,4
327,3,1,2,4,2.5,3,0,0,0,0,1,0,1,4,0.566472814,2,3.5,2,1,4
328,1,1,1,5,1,4,0,1,0,0,0,1,0,4,-1.094954979,1,4,2,1,1
329,3,3,2,4,3.5,3,1,0,0,0,1,0,1,4,1.040470149,2,3,2,0.5,4
330,1.5,3,2,4,2,5,1,0,0,1,0,1,0,4,0.434525831,2,4.5,2,0,2
331,3,2,2.5,4,3.5,6,1,1,0,0,1,1,0,3,-0.166094437,2,3.5,3.5,1,4
332,3,3,1,3,3.5,2,1,0,0,0,1,1,0,3,-1.729709036,1,3,3,1,2
333,1,4,1,3,2,5,1,0,0,1,0,1,0,4,0.434525831,2,4,3,0,2
334,3,3,2.5,4,3.5,2,1,0,0,0,1,0,1,4,0.81255808,2,3.5,3,1,4
335,1.5,2,1,2,1,5,1,0,0,1,0,1,0,2,-1.55377295,2,2,2.5,0.5,2
336,3,3,3,4,1.5,5,0,0,0,0,1,0,0,4,1.040470149,1,5,2,0.5,4
337,2,2,1.5,2,3.5,5,0,0,0,0,0,1,0,4,0.959251824,2,4,2.5,0,2
338,3,3,2,3,3.5,2,1,0,0,1,0,1,0,3,0.287832087,2,3,3,0.5,3
339,3,2,2,5,5,5,1,0,0,0,1,0,1,4,1.040470149,1,3.5,3.5,0.5,4
340,3,3,2,3,4,3,1,1,0,0,0,1,0,3,-1.664233617,1,3,3,0.5,4
341,3,3,1,4,1,3,1,0,0,0,1,0,1,4,1.091198807,2,5,3,1,4
342,2.5,3,3,5,2,2,1,0,0,0,1,0,1,4,0.68848204,2,3.5,2,1,3
343,3,4,2,4,3.5,3,0,0,0,0,1,0,1,4,0.515744156,1,4.5,1,0,3
344,3,3,2,5,3,3,1,0,0,1,0,1,0,4,0.515744156,2,4.5,1.5,0,2
345,3,2,2,5,3,2,0,0,0,0,0,0,0,4,0.566472814,1,3.5,1,1,1
346,1,2,1,2,1.5,6,0,0,0,1,0,1,0,4,0.156533116,2,4.5,3.5,0,1
347,3,4,1.5,2,3,3,0,0,0,0,1,0,1,4,0.863286739,2,3,3,0.5,3
348,1,2,1,1,1.5,5,0,0,0,1,0,1,0,4,1.091198807,2,5,4,0,1
349,1,2,1,4,3,5,0,0,0,0,1,0,1,4,1.091198807,2,3.5,2,0.5,1
350,3,3,1,3,2,2,0,0,0,0,0,0,1,4,0.711748775,2,4,4,1,3
351,2.5,5,1.5,4,1.5,4,0,0,0,0,1,0,1,3,0.630530451,1,4,3,0,3
352,2,4,1,5,2,3,0,0,0,1,0,1,0,4,0.959251824,2,5,1,0,2
353,3,3,1.5,4,4.5,4,1,0,0,0,0,0,1,4,-1.024064825,1,2,2.5,0.5,4
354,3,3,3,3,3,3,0,0,0,0,0,0,1,3,0.554840797,2,3,3.5,1,4
355,2,1,1,5,1,5,0,0,0,1,0,1,0,4,1.091198807,2,4.5,1,0.5,3
356,3,2,1.5,5,3,2,0,0,0,0,1,0,1,3,-0.192584874,2,2.5,1,0.5,2
357,3,3,3,3,2,4,1,0,0,0,1,0,1,4,0.893776405,1,3.5,4,1,4
358,3,4,2,4,2.5,3,1,0,1,0,1,0,1,3,-0.725833118,1,2.5,1.5,0.5,4
359,3,5,3,5,3,2,1,0,0,0,1,0,1,4,1.091198807,1,5,2.5,1,4
360,2,2,1,4,2,4,1,0,0,1,0,1,0,4,0.294287524,2,5,1,1,4
361,3,4,2.5,4,3,2,0,0,0,0,1,0,1,3,1.040470149,2,4,1.5,0,4
362,3,1,1.5,4,1,6,0,0,0,1,0,1,0,4,0.515744156,2,4.5,2,0.5,4
363,1,3,1.5,3,1.5,2,0,0,0,0,1,0,1,4,0.959251824,2,4,2,0.5,2
364,3,3,2,3,3,3,0,0,0,1,0,1,0,4,0.504675012,2,2.5,3,0,4
365,2,5,1,3,1.5,2,0,0,0,1,0,0,0,4,1.091198807,1,3.5,2.5,0,2
366,1,4,1.5,5,2,4,1,0,0,0,0,1,0,3,-0.272674088,1,1.5,1,1,1
367,3,4,3,2,1.5,4,1,0,0,0,1,0,1,4,0.091059973,1,4,4,1,4
368,2,5,2.5,3,4,2,1,0,0,0,1,0,0,4,-0.226763128,2,2.5,2,1,4
369,2,3,2,4,2,2,0,0,0,0,1,0,1,1,-1.861656019,1,2.5,2,1,2
370,3,4,2.5,4,4.5,2,0,0,0,0,1,0,1,3,0.566472814,1,3.5,1,0.5,3
371,1,4,2,4,1.5,2,0,0,0,0,0,1,0,2,-1.861656019,1,2,3,1,1
372,2,3,2,3,3,2,0,0,0,0,0,0,0,NA,-1.861656019,1,3.5,3,0.5,1
373,2.5,4,1.5,4,3,2,0,0,0,0,0,1,0,4,0.091059973,1,3.5,2,1,3
374,2,3,1,3,4.5,3,1,0,0,1,0,1,0,4,0.678291795,2,4,2,0.5,2
375,3,3,3,5,5,2,1,0,0,0,0,0,0,1,-1.63374395,1,1,1,0.5,1
376,3,4,2,4,1,2,0,0,0,0,1,0,1,4,0.81255808,2,3,2,1,3
377,2,1,1,4,2,3,0,0,1,1,0,1,0,4,0.711748775,1,4.5,4.5,1,4
378,2.5,3,1,3,2,4,0,0,0,0,1,0,1,4,0.187022782,2,5,3.5,0.5,4
379,3,2,2,3,4.5,2,0,0,0,0,0,1,0,1,-1.448749007,2,2,3,0.5,4
380,2.5,2,1.5,4,2,2,0,0,0,0,0,1,0,3,-0.040889286,2,3,2,1,3
381,3,5,1.5,4,2.5,5,0,0,0,0,1,0,0,4,1.009980482,2,4.5,1.5,0.5,1
382,2,3,1,5,2,3,0,0,0,1,0,1,0,3,0.469092223,2,2,3,0.5,4
383,2.5,3,2,3,3,3,1,0,0,0,1,0,0,2,-1.032446874,2,2.5,3,1,4
384,3,5,1.5,4,3,2,1,0,0,0,1,0,1,2,-0.469446202,1,3,2,0.5,4
385,3,5,3,4,4.5,3,1,0,0,0,1,0,1,3,-1.199978922,2,4,3,1,4
386,3,2,3,4,1.5,5,1,0,0,0,1,0,1,4,1.091198807,2,4,4,0.5,4
387,3,3,2,3,4.5,4,1,0,0,0,0,0,1,3,-0.227151266,1,2.5,1.5,0.5,3
388,3,4,2,4,4,2,1,0,0,1,0,1,0,3,0.150880983,1,2.5,2,0.5,2
389,3,5,3,5,2,3,1,1,0,0,0,1,0,4,0.232099308,1,2,1,1,4
390,1,4,1,4,3,4,1,0,0,1,0,1,0,4,0.434525831,2,2.5,1,0,1
391,2,2,1.5,4,1,3,0,0,0,0,1,0,1,4,1.009980482,2,3,2.5,0.5,3
392,3,5,3,3,4.5,4,1,0,0,0,1,0,1,3,-0.298043696,2,3.5,1,1,4
393,1.5,1,1,3,3.5,5,0,0,0,1,0,1,0,4,1.040470149,2,3.5,3.5,0,2
394,3,1,2,3,3.5,2,1,0,0,0,1,0,1,4,1.040470149,2,4,3,0.5,4
395,1,1,1,3,1,3,1,0,0,0,0,0,0,4,1.091198807,2,3,2,1,1
396,2,3,2,3,4,2,1,0,0,0,0,0,0,3,-0.489398799,1,2,2,1,2
397,3,3,2,3,2,3,0,0,0,0,1,0,1,4,0.469092223,2,4,3.5,0.5,4
398,2,2,1,3,2.5,5,0,0,0,1,0,1,0,4,0.105804458,2,3,2,0,4
399,3,5,3,4,1,2,1,0,0,0,1,0,1,4,-0.145932941,1,4.5,4,0.5,1
400,3,5,1.5,5,4.5,5,0,0,0,0,1,0,1,4,1.009980482,1,5,1,0,3
401,3,3,1,5,5,3,1,0,0,0,1,1,0,3,-0.604362775,1,2,1,1,3
402,2,2,2,3,3.5,3,1,1,0,0,1,1,0,3,-1.861656019,1,3,3.5,1,4
403,3,3,2,4,4,2,1,0,0,1,0,1,0,2,0.150880983,2,3,3,0.5,4
404,2,5,1,4,2,2,0,0,0,0,1,0,0,3,-0.595301641,1,2.5,2,0.5,3
405,2,3,1.5,4,1.5,2,0,0,0,0,1,0,0,3,0.232099308,1,2,2,0.5,1
406,3,3,1.5,3,3,3,0,1,0,0,0,1,0,4,-0.570617124,1,4,4,1,3
407,2.5,5,2,3,2,2,0,0,0,0,0,1,0,2,-1.583015292,2,3,3,0.5,3
408,3,2,2.5,3,3,2,1,0,1,0,1,0,1,4,1.040470149,1,2.5,4,0.5,3
409,2,5,1.5,5,1,5,0,0,0,0,1,1,0,4,0.237751441,2,5,1.5,0.5,3
410,2,4,1,1,1.5,6,0,0,1,0,1,0,1,4,1.091198807,1,4.5,2,0,3
411,1,1,1,4,3,2,1,0,0,0,0,1,0,1,-0.040889286,1,1.5,3,0.5,1
412,3,3,1,5,2,3,1,0,0,1,0,1,0,4,0.711748775,1,4,1.5,0.5,2
413,3,3,2,5,4.5,3,0,0,0,0,1,0,0,4,-1.398020349,1,3.5,1,1,4
414,3,3,2,3,4.5,3,0,0,0,0,0,0,0,2,-0.851751888,1,3.5,3.5,1,4
415,3,4,1,5,4,4,1,0,0,0,1,1,0,4,-0.020050981,1,1.5,1,0.5,3
416,3,3,1,2,1.5,6,1,0,0,1,0,1,0,4,-0.004905112,2,4,1.5,0.5,3
417,3,1,2,4,3,6,1,0,0,1,0,1,0,4,-0.145932941,2,5,1,0,4
418,3,3,1.5,4,1.5,6,0,0,0,1,0,1,0,4,1.040470149,2,3.5,2,0,3
419,2,2,1.5,4,2.5,5,0,0,0,0,1,0,1,4,0.81255808,2,5,4,0.5,2
420,2.5,2,1.5,5,5,5,1,0,0,0,1,0,1,4,0.287832087,2,3.5,2,1,2
421,3,4,1.5,2,3.5,5,0,0,0,0,1,0,1,4,1.009980482,2,3.5,2,1,4
422,2.5,4,2,4,3.5,5,1,0,0,1,0,1,0,4,0.893776405,2,3.5,3,1,4
423,1.5,2,1,2,1,5,0,0,0,1,0,1,0,4,0.81255808,2,4.5,2,0,3
424,3,4,2.5,4,3,2,0,0,0,0,1,0,1,4,0.959251824,1,4,2,0.5,3
425,3,3,1,5,3,4,0,0,0,0,0,0,0,3,-0.297248255,2,3,1,1,3
426,2,2,1.5,2,5,3,1,0,0,1,0,1,0,4,0.434525831,2,3,4,0,4
427,3,3,2,2,4.5,2,0,0,0,0,1,0,0,4,1.091198807,2,2.5,1.5,0,3
428,3,3,1.5,2,3.5,2,0,0,1,0,0,1,0,2,-1.861656019,1,2,2,1,2
429,3,4,3,5,2,2,1,0,0,0,0,0,0,4,0.025584554,1,2,3.5,1,4
430,2.5,2,1.5,4,2.5,6,0,0,0,0,1,0,1,2,0.067679302,1,4.5,4,1,2
431,1,4,1.5,5,2.5,2,1,0,0,1,0,1,0,4,-0.570617124,1,2.5,1.5,1,1
432,1.5,3,1,4,5,5,1,0,0,1,0,1,0,3,-0.616139946,1,3.5,2.5,0,1
433,2,3,2,3,3,2,1,0,0,0,0,0,1,4,-0.37384501,1,3.5,3,0.5,2
434,3,2,2,4,4,3,1,0,0,0,0,1,0,4,1.009980482,2,3,1.5,1,4
435,3,3,2,5,4.5,3,1,0,0,0,0,0,0,4,-0.166094437,1,4.5,3.5,1,4
436,3,4,1.5,5,3,2,0,0,0,0,0,0,0,3,0.207861087,1,3,1,0.5,4
437,2,3,2,3,2,5,1,1,0,0,1,1,0,3,-0.227151266,1,3,3,1,4
438,2,3,1.5,3,1.5,4,0,0,1,1,0,1,0,4,1.040470149,1,4.5,2,0.5,2
439,3,4,3,3,4.5,2,1,0,0,0,1,0,1,4,-0.145932941,1,3,2.5,1,2
440,1,3,1,1,3.5,3,0,0,0,0,1,0,1,4,1.091198807,2,4,4,0,1
441,2,2,2,2,2,2,0,0,0,0,1,0,1,4,0.752263199,2,4,2,0.5,2
442,1,3,1,5,2,5,0,0,1,0,0,1,0,4,0.434525831,2,4.5,2.5,0.5,4
443,3,2,1.5,5,1.5,2,1,0,0,1,0,1,0,3,0.773461439,2,2,1,1,4
444,1,1,1,2,4.5,2,1,0,0,0,1,0,1,3,0.091059973,1,3,2,0,1
445,2,1,1.5,4,3.5,2,1,0,0,0,0,1,0,2,-1.064744736,1,2.5,1.5,0.5,3
446,3,4,1,3,2,4,0,0,0,0,0,1,0,4,0.752263199,2,3.5,2,1,3
447,1,4,1,5,2.5,5,1,0,0,1,0,1,0,4,1.009980482,2,4.5,1.5,0,1
448,3,1,2,2,5,1,0,0,0,0,0,0,0,NA,-1.861656019,1,4,1,0,2
449,3,4,2,5,3,2,1,0,0,1,0,0,1,4,-1.583015292,1,2.5,2,0.5,3
450,3,4,3,5,4.5,2,1,0,0,0,0,1,0,4,-0.574378198,1,2,1,1,4
451,3,2,2,3,2,2,0,0,0,0,0,1,0,4,0.959251824,1,3.5,2.5,1,4
452,3,4,3,4,4,3,0,0,0,0,1,0,1,4,0.534565365,1,4.5,2.5,0.5,4
453,2,5,2,4,2,2,1,0,0,1,0,1,0,4,0.030677677,1,3,2.5,0.5,4
454,3,4,1,5,3,2,0,0,0,0,0,0,1,4,0.73258708,1,4,2.5,0.5,3
455,3,4,2,2,1.5,2,1,0,0,1,0,1,0,1,-0.201107125,2,2,2.5,1,3
456,3,3,2.5,4,1.5,5,1,0,0,0,1,0,1,2,-0.323116351,2,3.5,3,1,4
457,2.5,4,2,5,3,5,1,0,0,1,0,1,0,4,1.091198807,2,4,1,0,3
458,3,3,2,5,3,2,0,0,0,0,1,0,1,4,0.566472814,1,3.5,2,0.5,3
459,2.5,3,1.5,2,3,2,1,0,0,0,0,1,0,2,-0.96155672,1,2,3,0.5,3
460,1,4,1,5,1.5,2,0,0,0,0,0,1,0,4,1.091198807,2,4,1,0,1
461,1,3,1,2,2,5,0,0,1,1,0,1,0,3,1.091198807,1,4,4,1,1
462,3,3,3,3,1,2,1,1,0,0,0,1,0,4,0.015256384,1,4,3,1,4
463,3,3,3,3,2.5,6,0,0,0,0,1,0,1,4,0.460569972,2,4,2.5,1,4
464,3,5,2.5,4,4.5,2,1,0,0,1,0,0,1,3,0.50949271,2,2,2.5,1,2
465,3,2,3,3,2,2,1,0,0,0,1,0,1,3,-0.717310867,2,1.5,4.5,1,4
466,3,3,2.5,1,1.5,2,1,1,0,0,0,1,0,3,0.504675012,2,2,5,1,4
467,1,4,1,3,1,5,0,1,0,0,1,1,0,3,0.04585704,2,3,3,1,4
468,3,4,2.5,4,3,2,1,0,0,0,1,0,1,4,0.207861087,2,2.5,1.5,1,3
469,3,5,3,5,2,2,1,0,0,0,1,1,0,3,-1.861656019,1,2.5,1.5,0.5,4
470,2,2,1,3,3,2,0,0,0,1,0,1,0,3,1.091198807,1,4,3,0,2
471,3,1,2.5,4,3,2,1,0,0,0,0,1,0,3,-0.013595544,1,2.5,1,1,3
472,3,4,2.5,3,2.5,2,0,1,0,1,0,1,0,4,-0.570617124,1,3,3,1,4
473,3,3,3,4,4.5,2,1,0,0,0,1,0,1,3,0.287064593,1,3,1,1,4
474,3,3,2,4,2.5,2,1,0,0,0,0,0,1,2,-0.892115566,1,3.5,2.5,1,4
475,3,2,1.5,2,4.5,2,1,0,0,0,1,0,1,3,-1.448749007,1,2.5,3,0.5,2
476,3,4,2.5,5,4.5,5,1,0,0,0,0,0,0,4,0.824190098,2,4,1,0,3
477,3,1,2,4,4.5,2,1,0,0,1,0,1,0,3,-0.570228986,1,2.5,2.5,1,4
478,1,3,1,5,1.5,6,1,0,0,1,0,1,0,3,0.207861087,2,4,3,0,4
479,2,3,1,2,1.5,6,1,0,0,0,0,1,0,NA,-1.861656019,1,2,2,1,2
480,3,3,2,4,3,3,1,0,0,0,1,1,0,2,-0.807590326,2,3,3,1,4
481,3,1,2,2,4.5,5,1,0,0,0,0,0,0,3,0.177371421,2,4,1.5,0.5,1
482,2,3,1,5,4,2,0,0,0,0,0,0,0,4,-0.023923715,1,2.5,1.5,0.5,3
483,1,1,1,4,1.5,6,0,0,0,1,0,1,0,3,-0.372806584,1,3,2,0,2
484,1.5,2,1.5,3,1.5,3,0,0,0,0,1,0,1,4,0.711748775,2,4,1.5,1,4
485,3,4,2,4,1,5,1,0,0,0,1,0,1,4,0.863286739,1,4.5,3.5,0.5,4
486,2.5,1,1,1,2.5,6,1,0,0,1,0,1,0,4,0.782752865,2,5,4,0.5,4
487,2,2,1,2,2,6,1,0,0,1,0,1,0,4,0.566472814,2,4.5,4.5,0.5,3
488,3,3,2,3,4.5,5,1,0,0,0,1,0,1,4,-0.230438469,2,4.5,2.5,0,3
489,1,2,1,4,2.5,2,1,0,0,0,0,0,0,3,0.833481523,1,1.5,1,0,1
490,3,2,2,4,1.5,3,0,0,0,0,1,0,1,4,0.944505063,2,3,4,1,4
491,1.5,3,1.5,3,3.5,6,1,0,0,0,0,0,1,4,0.677496354,2,3,2,1,3
492,3,5,3,2,2.5,2,0,0,0,0,1,0,1,4,0.677496354,1,3.5,2.5,1,4
493,3,2,2.5,5,3.5,3,0,0,0,0,1,0,1,3,0.515744156,2,4,2.5,0.5,4
494,1,1,1,4,1,6,0,0,0,1,0,1,0,4,1.040470149,1,5,1,0,1
495,3,3,2.5,2,4,3,1,1,0,1,0,1,0,4,0.307337748,2,3,2,0,3
496,3,3,2.5,4,2.5,3,0,0,0,0,1,1,0,4,0.944505063,1,3.5,1.5,0.5,4
497,2,2,1,4,2.5,5,1,0,0,1,0,1,0,4,-0.31346499,2,4,3,0.5,2
498,2.5,5,1.5,5,3.5,2,0,0,0,1,0,0,0,3,0.273769109,2,4,1,0.5,3
499,2.5,2,2,4,2,5,0,0,0,0,1,0,1,4,1.009980482,1,3,2,0.5,4
500,2,2,2,4,3,3,0,0,0,0,1,0,1,3,0.959251824,2,4,2,0.5,3
501,2,3,2,4,3,1,1,0,0,0,0,1,0,2,-1.861656019,1,2.5,2,0.5,2
502,1.5,2,1,4,3,3,0,0,0,1,0,1,0,4,0.692243115,2,5,2.5,0,4
503,3,3,1.5,5,3,2,0,0,0,0,1,0,1,4,1.040470149,2,4,1,1,2
504,2,2,1.5,3,3,3,0,0,0,1,0,1,0,4,0.692243115,2,4,2,0.5,2
505,3,4,2,4,4,5,1,0,0,1,0,1,0,3,0.177371421,1,2.5,2,1,3
506,3,4,1,1,2.5,5,0,0,0,0,1,0,1,1,1.009980482,2,1.5,4,1,3
507,1,5,3,5,3,2,0,1,0,1,0,1,0,3,-1.81092736,2,4.5,3,0.5,1
508,3,3,2,5,3.5,3,0,0,0,0,0,0,0,4,1.091198807,1,3,1.5,0.5,4
509,3,4,1.5,1,2.5,3,0,0,0,0,1,0,1,3,1.091198807,1,4.5,3.5,0.5,3
510,2.5,3,2,5,3,3,1,1,0,0,1,1,0,4,-0.140724829,2,3,3,0.5,3
511,2,3,2,3,3,3,0,0,0,0,0,0,0,2,-1.714962275,1,3,3,0.5,3
512,1,1,1,1,2.5,6,0,0,0,1,0,1,0,4,0.752263199,1,5,2,0,3
513,3,1,3,3,1,6,0,0,0,0,1,0,1,4,1.040470149,2,4.5,3,0.5,4
514,3,1,1,5,3,3,0,1,0,0,0,1,0,4,0.201609642,2,5,1.5,0.5,4
515,2.5,4,1.5,4,2,3,0,0,0,0,0,1,0,4,0.959251824,2,4,3.5,1,3
516,3,3,2,2,1,6,0,0,0,0,1,0,1,4,0.287832087,1,4.5,4.5,1,4
517,2,2,1,2,1.5,5,0,0,0,0,1,0,1,4,0.566472814,1,4.5,2.5,0.5,3
518,1,2,1,5,1,5,1,0,0,1,0,1,0,4,1.040470149,1,4,1,0,1
519,3,4,3,2,1,6,0,0,0,0,1,0,1,4,0.752263199,2,4.5,3,1,4
520,3,5,2,5,3,3,0,1,0,0,1,0,0,4,-1.325298008,1,5,1,1,4
521,3,4,2,5,4,2,1,0,0,0,1,0,1,3,-0.529828498,2,3,2.5,0.5,4
522,3,4,2,5,3,2,1,0,0,0,1,0,0,3,-1.714962275,2,2,1,1,2
523,2.5,5,2.5,4,4.5,3,1,0,0,0,0,0,0,3,-1.861656019,1,2,1,1,3
524,3,2,1,3,1.5,3,1,0,0,0,1,0,1,3,0.485254489,2,4,2,1,4
525,3,4,1,4,4,3,1,0,0,0,1,0,1,3,-1.064744736,2,1,1,0.5,4
526,3,5,1,4,5,6,1,0,1,0,0,1,0,4,1.040470149,1,5,1.5,0.5,4
527,3,2,1,2,3,5,1,0,0,0,1,0,1,1,-1.861656019,1,1.5,3,0.5,3
528,1,2,1,4,2.5,6,1,0,0,1,0,1,0,3,-0.797262155,2,4,2,0,4
529,1.5,4,1,3,2,6,0,0,0,1,0,1,0,4,1.091198807,2,3.5,3,1,4
530,3,2,1,2,4.5,4,0,0,0,0,0,0,1,3,1.040470149,2,4,2,0.5,2
531,3,2,1,5,1.5,6,0,0,0,0,1,0,0,4,0.409841313,2,4.5,1.5,0.5,4
532,3,2,1,2,4.5,6,1,0,0,0,1,0,1,1,0.42952171,1,3.5,3,1,4
533,3,3,1,2,1,6,0,0,0,1,0,1,0,4,1.091198807,2,4.5,3.5,0,4
534,1.5,2,1.5,4,2,6,1,0,0,1,0,1,0,4,-0.474654314,1,3.5,2.5,0.5,3
535,2,2,1,3,3.5,2,1,0,0,1,0,1,0,3,-1.143833253,1,2,1,0,2
536,3,2,2.5,5,4.5,3,0,0,0,0,1,1,0,3,-0.585363884,1,4,1,0,3
537,2,4,2,5,3,4,1,0,1,0,1,1,0,4,-1.472554626,2,2.5,3,1,3
538,1,1,1.5,4,1.5,5,0,0,0,0,0,0,1,4,1.040470149,2,4,1,0,1
539,1,2,1,2,2.5,5,0,0,0,1,0,1,0,4,1.040470149,2,4.5,4,0.5,3
540,3,3,1.5,4,3.5,6,1,0,0,0,0,0,1,3,0.207861087,1,3,2,0.5,3
541,3,4,2.5,3,5,2,1,0,0,0,0,1,0,1,-1.55377295,2,1,1,1,3
542,3,2,2,4,4,4,1,0,0,0,1,0,1,1,-1.108250463,2,2.5,2,0,3
543,1,3,1,4,1,3,0,0,0,1,0,0,0,4,0.289526348,2,4,2.5,0,1
544,3,3,3,1,1.5,3,1,0,0,1,0,0,0,3,-1.199978922,1,2.5,1,1,4
545,3,2,1.5,2,2,5,1,0,0,0,1,0,1,4,0.893776405,2,4,3.5,0.5,4
546,1,4,1.5,5,3.5,3,0,0,0,1,0,1,0,4,0.697004291,2,5,1.5,0.5,2
547,2,2,1.5,3,2.5,3,0,0,0,0,0,0,0,4,0.115298194,2,4,1.5,0.5,2
548,3,3,2,5,5,3,1,0,0,0,0,1,0,4,-0.912245844,2,4,1,0.5,4
549,2,4,1,3,3,4,0,0,0,0,1,0,1,3,1.040470149,1,4,1,0.5,2
550,3,3,1.5,4,4.5,2,1,0,0,1,0,1,0,4,0.201609642,1,2.5,4,1,3
551,2,2,1.5,3,3.5,2,0,0,1,0,1,1,0,4,1.091198807,2,3.5,3,0,3
552,1,1,1,5,1,5,0,0,0,1,0,1,0,4,0.515744156,2,4.5,1,0,1
553,3,2,2.5,1,1,5,0,0,0,0,1,0,1,4,1.040470149,1,5,3.5,0.5,4
554,2,2,1.5,3,4.5,5,1,0,0,1,0,1,0,3,-0.17784039,1,2.5,4,0.5,1
555,3,3,2.5,3,4.5,2,1,0,0,0,1,0,1,4,0.70153454,2,3.5,1.5,0.5,4
556,3,2,2.5,2,1.5,6,1,0,0,0,1,0,1,4,0.287832087,2,4,3,0.5,4
557,2,4,1,5,3,4,0,0,1,1,0,1,0,4,1.040470149,2,5,1.5,0.5,1
558,3,3,2,5,3,3,1,0,0,1,0,1,0,4,-0.78707191,1,4.5,2,0,3
559,1,1,1,3,2.5,6,1,0,0,0,0,1,0,4,1.040470149,2,5,2.5,0,1
560,3,4,2,3,3.5,2,1,1,0,0,0,1,0,3,-0.321847038,1,3.5,2.5,0,4
561,3,5,2,5,3,2,1,0,1,1,0,1,0,3,-1.04603224,1,2,1,0,3
562,3,2,1,1,3,5,0,0,0,0,0,0,1,4,-0.665450822,2,2.5,3,1,4
563,3,3,1,4,4.5,2,0,0,0,0,0,0,1,3,-1.069298976,2,3.5,4,1,3
564,3,2,1.5,5,5,3,1,0,0,1,0,1,0,4,0.959251824,1,4.5,1,0,1
565,2.5,1,1,2,2,6,0,0,0,1,0,1,0,4,0.485254489,1,4,1.5,1,4
566,2,4,1,2,1.5,5,0,0,0,0,1,0,1,4,0.81255808,2,4,2,1,4
567,2.5,2,1.5,3,4,3,1,0,0,0,1,0,1,4,0.358066406,2,4,1,1,4
568,1,1,1,2,2.5,5,1,0,0,1,0,1,0,4,0.515744156,2,4,3,0,1
569,3,4,3,4,1.5,4,0,0,0,0,1,0,1,4,0.615785966,1,3.5,2,1,4
570,1,1,1,5,1,5,0,0,0,1,0,1,0,4,0.70153454,2,4.5,1.5,0,3
571,3,4,1,4,4.5,2,1,0,0,0,0,1,0,3,-0.323116351,2,2.5,2.5,0.5,4
572,3,4,2.5,4,4.5,2,1,0,0,0,1,0,1,3,0.519820881,1,3.5,2,0.5,4
573,3,4,2,2,3,3,1,0,1,0,0,1,0,3,-0.227151266,1,1,3,0.5,3
574,3,4,1,5,4,5,0,0,1,0,1,0,1,4,0.81255808,1,4,1.5,1,3
575,1,1,1,4,1,5,1,0,0,1,0,1,0,4,1.040470149,2,4,2.5,0,2
576,3,3,2.5,3,1,5,0,0,0,0,1,0,1,4,1.040470149,2,4,3,1,4
577,3,2,2,3,1,5,0,0,0,1,0,1,0,4,0.959251824,1,3.5,2,1,4
578,3,3,2.5,4,3.5,3,1,0,0,0,1,0,1,4,0.297574727,2,4,4.5,1,4
579,3,4,1.5,5,2,2,0,0,0,1,0,1,0,4,0.434525831,1,4.5,1,1,3
580,2,4,1.5,3,3.5,2,1,0,0,0,1,0,1,4,0.519820881,2,3.5,3.5,0.5,4
581,3,3,2.5,4,4.5,2,0,0,0,0,0,1,0,4,-0.545544468,1,3,1.5,0.5,4
582,1.5,3,2,3,4,3,1,0,0,0,0,1,0,2,-1.861656019,1,3,3,1,4
583,3,4,1.5,3,4,2,0,0,0,1,0,0,1,3,0.207861087,1,2.5,3,1,4
584,2,4,1.5,4,3,4,0,0,0,1,0,1,0,4,0.959251824,1,2.5,2,0.5,1
585,2,2,1,4,4.5,5,1,0,0,1,0,1,0,4,0.702097414,2,3.5,2.5,0.5,3
586,2.5,5,2,1,4.5,4,1,0,0,0,1,0,1,4,1.091198807,1,5,2.5,0.5,3
587,1,3,1,4,2,3,1,0,0,1,0,1,0,4,0.111896002,2,4,3.5,0.5,1
588,1,2,1,4,1.5,5,1,0,0,1,0,1,0,2,-0.156443075,2,4,3.5,0.5,2
589,3,4,2.5,4,5,3,1,0,0,0,0,0,0,4,-0.251835783,1,4.5,4,0.5,2
590,3,4,2.5,4,4.5,2,1,0,0,1,0,1,0,3,-1.181740298,1,2,5,1,4
591,3,5,2.5,5,4.5,2,1,0,0,0,1,0,1,4,-0.298043696,1,1.5,3,1,4
592,1,4,1,2,1.5,5,0,0,0,1,0,1,0,4,0.81255808,2,4,2.5,1,1
593,3,2,3,5,1,3,0,0,0,0,1,0,0,4,1.009980482,1,4.5,1.5,1,4
594,1.5,5,2,3,2,3,1,0,0,0,1,0,0,1,-1.861656019,1,2.5,3,0,1
595,2,2,1.5,2,2,3,1,0,0,1,0,1,0,3,0.39846917,2,3.5,4,0.5,3
596,3,5,3,4,4.5,5,0,0,0,0,0,0,0,3,0.491059638,2,3.5,1,0,4
597,3,2,2,4,3,5,1,0,0,0,1,0,1,4,1.091198807,1,2.5,1,1,3
598,2,3,1,5,2.5,4,0,0,0,1,0,1,0,4,1.040470149,1,3,1,1,2
599,2,2,2,4,3.5,4,1,0,0,0,1,0,1,2,-0.145932941,2,2,1,1,3
600,3,5,2,5,2.5,3,1,0,0,0,1,0,1,3,-0.045891131,1,2,1.5,0.5,4
601,1,1,1,4,3,3,0,0,0,1,0,1,0,4,1.040470149,2,3.5,2,0,1
602,3,3,1,3,5,5,0,0,0,1,0,1,0,4,0.783315739,2,3,3,0.5,3
603,3,3,2.5,2,1.5,5,0,0,0,0,1,0,1,4,0.287832087,2,4,2,1,4
604,1,3,1,4,1.5,3,1,0,0,1,0,1,0,4,0.863286739,1,3.5,1.5,1,2
605,2,1,1.5,4,5,6,1,0,0,0,0,0,1,4,1.091198807,1,4.5,3,0.5,4
606,3,3,2.5,5,2.5,5,1,0,0,0,1,0,1,4,-0.003065698,1,3,3.5,0.5,4
607,3,3,1.5,5,4.5,5,1,0,0,0,0,1,0,4,-0.26755403,1,3,1,0,2
608,2,3,2,3,2,1,1,0,0,0,0,0,1,1,-1.861656019,1,3,3,0.5,4
609,2.5,3,2,5,4,3,0,0,0,0,1,1,0,4,0.50476015,1,1.5,2,0.5,2
610,3,5,3,3,1.5,2,0,0,0,0,1,0,1,4,0.944505063,1,4,2,1,4
611,3,5,2.5,5,3.5,4,1,0,0,0,1,1,0,4,0.752263199,1,4,1.5,0,4
612,1,3,1.5,4,2,3,0,0,0,0,1,0,1,4,0.893776405,1,4,2,0.5,2
613,3,5,2,5,5,2,0,0,0,0,0,0,0,3,0.81255808,2,3,1,1,4
614,2.5,2,2,2,3,2,1,1,0,0,0,1,0,2,-1.04422632,1,3,4,1,2
615,3,5,1.5,3,2.5,2,0,0,0,0,0,1,0,4,0.252812172,2,2.5,2.5,0.5,4
616,1.5,3,2,5,5,2,0,0,0,1,0,1,0,4,0.172278298,1,3,2,0,4
617,3,4,2.5,5,5,4,0,0,1,0,1,0,1,4,1.091198807,2,4.5,4,1,3
618,3,3,1,4,2.5,2,1,0,0,0,1,0,1,4,-0.164965326,2,3.5,2,1,4
619,3,4,2,3,3,2,0,0,0,0,0,0,0,2,0.959251824,2,3.5,2.5,0.5,3
620,2,4,2,1,2,3,1,0,0,0,0,0,0,1,-1.861656019,1,1,5,1,3
621,3,5,2,4,1.5,2,0,0,0,0,0,1,0,3,0.399505915,1,2,2,1,3
622,2,2,1,3,5,3,1,0,0,1,0,1,0,4,0.22315211,2,4,3,0,1
623,1,1,1,1,1,5,1,0,0,0,0,1,0,3,0.944505063,2,4.5,3.5,0.5,3
624,3,4,2,4,4.5,2,1,0,0,0,1,0,1,4,-1.63374395,1,2.5,2.5,1,3
625,2.5,2,1,3,3.5,4,0,0,0,0,1,0,1,4,0.702097414,2,5,1,0.5,2
626,2,3,2.5,4,2.5,2,0,0,0,0,1,0,1,4,0.040329039,2,2.5,2.5,1,3
627,3,3,2,4,3.5,2,1,0,0,0,0,1,0,3,0.833481523,2,2.5,2.5,0,4
628,1,3,2,4,3.5,3,0,0,0,0,1,1,0,2,-0.458350537,1,2.5,1,0.5,1
629,3,3,2,2,3.5,5,0,0,0,0,1,0,1,4,0.237751441,1,3,2,0.5,4
630,3,5,2.5,2,4.5,2,0,0,1,0,0,0,1,1,-1.861656019,2,2,1,0.5,3
631,2.5,4,3,4,4,2,0,0,0,1,0,0,0,3,-1.367530683,1,2.5,3.5,1,4
632,2.5,3,2,4,2,2,1,0,0,0,1,0,1,4,1.009980482,2,3,2.5,0.5,4
633,2,2,2,2,3,2,1,0,0,0,0,0,1,3,-1.861656019,1,2.5,2,0,2
634,2,2,1.5,3,1.5,2,0,0,0,1,0,1,0,2,-0.230438469,1,2,3,0,2
635,3,3,1.5,2,1,2,0,0,0,0,0,0,1,3,0.409841313,2,3,2,1,3
636,3,3,2,3,5,2,1,0,0,0,0,0,1,3,-0.892115566,1,2.5,3.5,0.5,2
637,3,4,3,4,4.5,2,1,0,0,0,1,0,1,4,0.469092223,1,3,2,0.5,4
638,2,1,1,2,1.5,2,0,0,1,1,0,1,0,3,0.697004291,2,3.5,4,1,3
639,3,4,2.5,4,1.5,5,1,1,0,1,0,1,0,3,-0.055070897,2,2.5,2.5,1,4
640,3,2,2,5,2,2,1,0,0,0,0,1,0,1,-1.861656019,1,2,1,0,3
641,3,3,2,1,3.5,2,1,0,0,0,1,1,0,2,-0.692238212,2,2,2.5,0.5,3
642,2.5,3,2,2,3,2,1,0,0,0,0,0,1,2,-1.448749007,1,1,1,1,3
643,3,5,3,5,2.5,4,1,1,0,0,1,1,0,4,0.358631556,1,5,1,0.5,4
644,3,4,1,5,2,2,0,0,0,0,0,0,1,3,0.105804458,1,4.5,1,1,4
645,2,4,1,4,4.5,2,1,0,0,0,1,1,0,3,0.697004291,1,2,1.5,1,2
646,1,3,1,4,2.5,1,1,0,0,1,0,1,0,4,0.156533116,1,5,1,0,3
647,2.5,3,1.5,5,3.5,1,0,0,0,0,1,0,0,3,1.040470149,2,4,2,1,3
648,3,3,2,4,3,2,1,0,0,0,0,0,0,3,0.030677677,2,2.5,2,0.5,4
649,2,5,2,3,3,2,0,1,0,1,0,1,0,4,0.863286739,1,4,1,1,4
650,3,2,3,4,2.5,2,1,0,0,0,1,0,1,3,-0.509553067,2,2.5,2,1,4
651,3,3,2,3,4,1,1,0,0,0,1,0,0,1,-1.861656019,1,3,3,0.5,4
652,3,3,2,2,5,2,0,0,0,0,1,0,1,4,1.040470149,2,4,2,1,4
653,3,2,2.5,3,1.5,2,0,0,0,0,1,0,1,4,0.773461439,1,4,3.5,1,3
654,2.5,4,1,3,4.5,2,0,0,0,0,0,0,0,3,-1.63374395,1,3,2,1,2
655,3,4,2,5,3,2,0,0,0,0,1,0,1,4,0.959251824,2,3.5,2,0.5,4
656,3,5,2,3,5,2,0,0,0,1,0,1,0,4,0.959251824,1,4,3.5,1,4
657,1.5,4,1,5,3.5,2,0,0,0,0,1,0,0,4,-1.780437694,1,2,1,1,1
658,3,4,1,3,4.5,5,1,0,0,0,1,0,1,4,-0.384355144,2,3.5,2,0.5,3
659,3,3,2,3,4,2,1,0,0,0,0,0,0,3,-1.664233617,2,3,3,1,3
660,3,5,3,5,4.5,1,1,1,0,0,0,1,0,1,-1.81092736,1,2,1.5,1,4
661,3,5,3,3,4,2,1,0,0,0,1,0,0,3,-0.702566383,1,2.5,2,0,4
662,3,4,2.5,5,4.5,1,1,0,0,0,1,0,1,2,-1.012884691,1,2.5,1,0.5,4
663,3,4,2.5,3,5,2,1,0,0,0,0,0,0,4,-0.520063201,1,4,2.5,1,3
664,3,2,2.5,5,1,2,0,0,0,0,1,0,1,3,0.833481523,1,3,1,0.5,4
665,1,3,1.5,3,3,2,0,0,0,0,0,1,0,3,1.040470149,1,3.5,2,0,1
666,2,1,1.5,4,1,2,0,0,0,1,0,1,0,4,0.566472814,1,2.5,1.5,0.5,2
667,3,5,2,3,4,2,1,0,0,0,0,0,0,3,-1.714962275,1,4,3,0.5,4
668,1,1,1,5,5,3,0,0,1,1,0,1,0,4,1.040470149,1,5,1,0.5,1
669,3,5,2.5,5,5,2,0,0,0,1,0,1,0,4,-0.619653798,1,3,1,1,4
670,3,5,3,5,3,5,1,0,0,0,1,0,1,4,0.41977907,2,2.5,1,1,4
671,3,3,3,3,4,2,0,0,0,1,0,0,0,NA,-1.861656019,1,3,3,1,4
672,3,3,2,5,2,1,1,0,0,0,1,1,0,4,0.55540367,2,5,3,0.5,4
673,2,5,1,5,1,2,0,0,1,1,0,1,0,4,0.615785966,1,2.5,1,0.5,1
674,3,1,2.5,3,4.5,1,0,0,0,0,1,0,1,4,1.091198807,2,3.5,3,1,2
675,3,4,3,5,2.5,5,1,1,0,1,0,1,0,4,0.893776405,1,5,2,1,4
676,3,4,2,4,2,2,0,0,0,0,1,0,1,4,-1.00436244,1,3.5,2,1,2
677,3,2,2,3,4,2,1,0,0,0,1,0,1,4,-0.570617124,1,2.5,2,0,4
678,1.5,3,2.5,5,2.5,2,0,0,0,0,1,0,1,4,0.515744156,1,1.5,1,0,1
679,2,5,1.5,5,5,3,1,0,0,1,0,1,0,3,-1.50786199,2,3,1.5,1,4
680,3,2,3,5,3.5,3,1,0,0,1,0,1,0,4,0.276736422,1,3,1,0,4
681,1,2,1.5,4,2,2,1,0,0,0,1,1,0,2,-1.55377295,1,2,2.5,1,1
682,2,3,1.5,4,4,3,1,0,0,1,0,1,0,3,0.81255808,1,3,1.5,1,1
683,2.5,3,2.5,2,2.5,2,1,0,0,0,1,1,0,4,-0.072652006,1,2,2,0.5,4
684,2,3,2,5,3.5,2,1,0,0,0,0,1,0,3,-1.312245508,1,2,1,1,2
685,3,2,1,1,1,2,0,0,0,1,0,1,0,4,1.009980482,2,5,3.5,0.5,2
686,3,4,2.5,3,3,2,1,0,0,0,0,0,0,1,-1.861656019,2,2,2.5,0.5,3
687,3,5,2,5,4.5,2,1,0,0,0,1,0,1,4,0.409841313,1,3,1.5,0.5,3
688,1.5,1,1,4,2.5,5,1,0,0,0,0,0,0,4,0.737404779,2,5,2,0.5,2
689,3,1,1.5,3,2.5,3,1,0,1,0,1,0,1,4,-0.020818475,1,3,1,0.5,4
690,1,3,2,3,1,2,0,0,0,0,1,0,1,4,0.434525831,2,3.5,3.5,1,2
691,3,5,1,4,3,2,1,0,0,0,1,0,0,4,-0.095379019,2,1,1.5,0.5,2
692,2,3,1.5,2,2.5,2,0,0,0,0,1,0,1,4,1.040470149,2,4,2.5,0.5,3
693,2,3,1,4,3,3,0,0,0,0,1,0,1,3,0.554840797,2,3,1.5,0.5,2
694,3,3,2,5,5,4,1,0,0,1,0,1,0,1,-0.236953373,1,3,2,1,2
695,3,4,3,4,2.5,2,1,1,0,0,1,1,0,4,-1.038809309,1,3.5,2.5,0.5,4
696,3,3,1,1,3,3,1,0,0,1,0,1,0,3,0.483836707,1,2.5,2,1,4
697,3,3,3,4,1.5,3,1,0,0,0,1,0,1,3,-0.766233606,2,2.5,1,0.5,4
698,1.5,3,1,4,3,5,1,0,0,1,0,1,0,4,0.81255808,2,4,3,0,3
699,3,4,1,5,4.5,2,1,0,0,1,0,1,0,4,0.434525831,2,3,2,0,4
700,3,3,1,4,2.5,4,0,0,0,0,1,0,1,4,0.515744156,2,3.5,2,0.5,3
701,3,1,1.5,2,1,5,1,1,0,1,0,1,0,3,-0.363516839,1,2,3,0,4
702,3,3,2,5,4,3,1,0,0,0,0,1,0,2,-0.96155672,2,3,3,0,4
703,2,3,2,3,4.5,4,1,0,0,0,1,1,0,3,-0.095204283,2,3,3,1,1
704,3,4,1,4,2.5,2,1,0,0,0,1,1,0,2,0.434525831,1,3,2.5,1,4
705,2,3,1.5,3,2.5,3,1,0,0,0,1,0,1,3,-0.262345917,2,2.5,3,1,3
706,3,4,1.5,5,3,5,1,0,0,0,1,0,1,4,0.41977907,2,5,1,0.5,3
707,3,2,2,3,4.5,3,1,0,1,1,0,1,0,3,-0.795567895,1,3.5,3.5,1,2
708,3,3,1,4,2.5,3,1,0,0,1,0,1,0,4,0.944505063,1,3.5,1,0.5,4
709,3,2,1,4,3,2,1,0,0,0,0,1,0,3,0.419011576,1,1.5,2,1,4
710,3,3,3,4,4.5,5,0,1,0,0,1,1,0,3,0.615785966,2,2,2.5,1,4
711,3,1,1,3,5,3,1,0,0,0,0,1,0,3,0.762477434,2,4,3,0.5,1
712,3,2,1.5,4,3,5,0,0,0,0,1,0,1,4,1.040470149,2,3.5,2,0.5,4
713,2,3,1,4,2.5,3,0,0,0,0,1,1,0,3,-0.394120441,1,3.5,5,1,2
714,3,2,1.5,2,2.5,4,0,0,0,0,0,0,0,4,-1.532934646,1,3.5,1.5,0.5,3
715,3,3,1,4,1.5,5,0,1,0,0,0,1,0,4,0.378793052,1,4,3,0,3
716,3,4,1.5,2,1.5,3,1,1,0,1,0,1,0,3,0.061167343,2,3,3,0.5,4
717,2,4,1.5,5,3,3,1,0,0,1,0,1,0,4,0.131848599,1,1,1,0.5,3
718,1,2,1.5,2,1,6,1,0,0,0,1,0,1,4,0.782752865,1,5,4,0,1
719,2,4,1,2,3.5,2,0,0,0,0,1,0,1,3,0.637753382,1,4.5,2.5,0.5,4
720,3,3,2,4,4,2,1,0,0,0,0,0,1,1,-1.583015292,1,1,1,1,3
721,2,4,1,3,3,6,1,0,0,1,0,1,0,4,0.81255808,1,5,1.5,0.5,4
722,1,2,1,5,1,2,0,0,0,1,0,1,0,4,-0.120860286,1,4.5,1,0.5,1
723,2,4,2,5,4.5,2,1,1,0,0,0,1,0,1,-1.448749007,1,1,1.5,0.5,3
724,2.5,4,1.5,3,4,4,1,0,0,1,0,1,0,3,-0.033666355,1,2.5,2,0.5,3
725,3,2,2.5,2,1.5,6,0,0,0,1,0,1,0,3,-1.448749007,2,4.5,3,1,4
726,2.5,2,1,2,4.5,6,1,0,0,1,0,1,0,3,0.833481523,2,3,3.5,0.5,1
727,1,4,1,4,3.5,6,1,0,0,0,0,1,0,4,0.81255808,2,4,2,0.5,2
728,2,2,1,4,4.5,4,1,0,0,1,0,1,0,4,0.81255808,2,3.5,2,0,4
729,1.5,1,1,2,1,6,0,0,0,0,1,0,1,4,-0.797262155,1,4,1,0.5,2
730,3,2,1,3,3,5,1,0,0,1,0,1,0,4,0.944505063,2,4,1.5,0.5,3
731,3,4,3,5,4,2,1,0,0,0,1,0,0,2,-1.81092736,1,3,3,1,4
732,3,3,1,3,4,4,1,1,0,1,0,1,0,1,-1.780437694,2,2.5,2,1,2
733,3,4,2.5,3,1.5,1,1,0,0,0,1,0,1,4,0.421473331,2,4,3.5,1,4
734,3,3,2,5,2.5,5,1,1,0,0,0,0,0,4,0.035438854,1,3,3,0,3
735,2.5,4,1.5,1,5,3,1,0,0,1,0,0,0,3,-0.56866605,1,3.5,3,0,2
736,1.5,2,1,2,2,3,1,0,0,1,0,1,0,4,-0.619542138,2,3.5,4,0,1
737,3,5,3,5,3.5,1,0,1,0,0,0,1,0,4,-0.37384501,2,2,1,1,4
738,1,3,1,4,1.5,2,1,0,0,0,0,1,0,4,0.515744156,1,3,2,0,2
739,3,3,2,4,3.5,2,0,0,0,0,1,0,1,4,0.601039206,2,4.5,2,1,3
740,2.5,2,1,4,3,2,0,0,0,1,0,1,0,4,1.009980482,2,4,4,0,2
741,3,4,1.5,2,2.5,2,0,0,0,0,1,0,1,4,-0.296912309,1,3.5,2.5,0.5,3
742,3,1,1.5,2,2.5,6,0,0,0,0,1,0,1,4,1.040470149,2,4,4,0.5,3
743,3,3,3,4,1.5,2,0,0,0,0,1,0,1,4,0.519820881,2,3,3,0,4
744,1,3,2.5,4,2,2,0,0,0,0,1,0,0,4,-0.505143981,1,4.5,1,1,1
745,2,2,1.5,4,3.5,2,0,0,0,0,1,0,0,1,-0.17784039,2,2,1,0,2
746,2,5,3,5,5,3,1,0,0,1,0,1,0,2,-1.335512244,1,2,1,1,3
747,2.5,3,2,5,2,4,1,0,0,0,0,0,0,1,-1.861656019,1,3,2,0.5,4
748,3,4,3,4,4.5,2,0,0,0,0,1,0,1,4,0.287832087,1,2,2,1,3
749,2,2,2,4,4.5,2,1,0,0,0,1,1,0,4,0.782752865,1,3.5,2,0,4
750,2,2,2,1,3.5,4,1,0,1,0,0,1,0,NA,-0.634286623,1,5,4.5,1,2
751,3,4,2,5,3.5,4,1,1,0,1,0,1,0,4,-0.296912309,1,4.5,3.5,1,4
752,1,1,1,2,1,2,0,0,0,1,0,1,0,4,0.091059973,2,5,1.5,0,1
753,3,5,3,5,5,3,1,1,0,0,0,1,0,4,0.175953639,1,5,2,0.5,4
754,2,5,2.5,4,2.5,5,1,1,0,0,1,0,1,4,-0.095204283,1,4,1.5,1,4
755,3,5,3,5,5,3,1,0,0,0,1,1,0,4,-1.068031939,1,3,2,0.5,4
756,3,4,1,4,1.5,6,1,0,0,1,0,1,0,4,0.515744156,2,2.5,1.5,0.5,4
757,3,3,3,4,1,2,0,1,0,1,0,1,0,2,-1.780437694,1,3,3,1,4
758,3,2,2.5,5,4.5,2,0,0,0,0,1,1,0,3,0.319680069,1,4.5,1,1,4
759,3,3,2.5,2,3.5,1,1,0,0,0,0,1,0,1,-1.159634956,2,2.5,3.5,0.5,4
760,2.5,5,2.5,5,5,1,1,0,0,1,0,1,0,NA,-1.780437694,2,3,3,1,3
761,3,3,2,4,5,2,1,0,0,0,0,0,1,4,-1.367530683,2,3,3,1,4
762,3,2,3,4,3.5,5,0,1,0,0,1,1,0,4,1.040470149,1,5,1.5,1,4
763,3,5,2.5,5,3,5,0,1,0,0,0,1,0,3,-1.448749007,1,3.5,1.5,0.5,3
764,3,2,3,3,1.5,2,0,0,0,0,1,0,0,4,1.009980482,1,4.5,1.5,1,4
765,2,2,2,2,3,5,1,0,0,0,0,0,0,3,-1.532934646,1,2,3,0.5,4
766,3,2,2.5,4,2.5,4,0,0,0,1,0,1,0,4,0.944505063,2,4,4,1,4
767,3,3,2,3,4.5,3,1,0,0,0,0,0,0,3,-1.448749007,1,3,3,1,4
768,3,2,1.5,4,1.5,5,0,0,0,0,0,1,0,4,-0.262734055,2,3.5,2.5,0.5,2
769,3,5,1,5,2,2,1,0,0,0,0,1,0,3,-0.145932941,1,3,1,0.5,3
770,2.5,3,2,3,3,5,1,0,0,0,1,0,1,2,-1.448749007,1,2.5,3,0,3
771,3,3,3,3,4,3,0,0,1,1,0,0,0,4,0.298046322,1,3,3,1,4
772,3,3,3,4,2,2,1,0,1,0,0,0,1,3,-1.275132224,1,3,2,1,4
773,1,4,1,4,2,6,0,0,0,0,0,1,0,4,-0.192584874,2,3,2,0.5,1
774,3,5,2.5,4,4.5,2,1,0,0,0,1,1,0,2,-1.240853281,1,2.5,2.5,1,4
775,3,3,2,3,2,2,1,1,0,1,0,1,0,2,0.959251824,2,3,3,0,4
776,1,3,1,3,3,2,0,0,0,0,1,0,0,4,1.040470149,1,3,2,0,1
777,1.5,2,1.5,3,1,5,0,0,0,0,0,0,1,4,1.091198807,2,4,1.5,1,3
778,3,3,2,5,2,4,1,0,0,0,1,0,0,3,0.056047285,1,2.5,2,1,4
779,2,4,1.5,5,5,5,1,0,0,1,0,1,0,4,0.70153454,2,4,1.5,0.5,1
780,3,4,1.5,3,3.5,2,1,1,0,0,1,0,0,3,-1.04603224,1,2.5,2,1,2
781,1,2,1.5,4,1.5,3,1,0,0,0,0,0,0,1,-1.861656019,2,1,3,0.5,1
782,3,2,1,2,3.5,6,0,0,0,1,0,1,0,4,1.040470149,2,5,4,0,3
783,1,1,1,4,2,3,1,0,0,1,0,1,0,4,0.959251824,2,4.5,1.5,0,4
784,2,2,2,4,3,4,1,0,0,1,0,1,0,3,-1.448749007,2,2,2,0.5,3
785,3,4,2.5,4,2.5,2,0,0,0,0,1,0,1,4,0.692243115,1,4.5,2,1,4
786,1,2,1.5,4,3.5,5,1,0,0,0,0,1,0,4,-1.189468788,1,3,2,0,3
787,1.5,2,1,4,1.5,5,1,0,0,1,0,1,0,4,1.040470149,2,4,2,0,2
788,3,4,1.5,4,2.5,6,1,0,0,1,0,1,0,2,-1.63374395,2,2,2,0,2
789,1,2,1,3,4.5,5,0,0,0,1,0,1,0,4,0.70153454,2,5,4,0,1
790,3,3,2,3,1.5,2,0,0,0,0,1,0,0,4,0.156533116,1,4,3,1,4
791,3,4,2,3,4,6,1,0,0,0,0,1,0,4,0.105804458,1,3,1.5,0,3
792,3,3,3,4,3.5,4,1,0,0,0,1,0,1,4,-0.31278818,2,2.5,3,1,4
793,2,3,1,4,4.5,3,1,0,0,0,0,1,0,4,-0.77642385,1,2.5,2.5,0,2
794,1,3,1,4,1.5,5,1,0,0,1,0,1,0,4,1.040470149,2,4.5,3,0,1
795,1,1,1,2,2,6,1,0,0,1,0,1,0,3,0.605457795,2,4,4,0,3
796,3,3,2,4,2,2,1,1,0,1,0,0,0,3,-1.780437694,1,3,3,1,4
797,2,4,1.5,4,4.5,2,1,0,0,1,0,0,0,3,-0.533767298,2,4,3.5,0,1
798,3,4,2,3,4,2,1,0,0,0,1,0,1,3,1.040470149,1,3.5,1.5,1,4
799,3,5,2.5,5,4.5,3,1,0,0,1,0,0,1,3,-0.761415907,2,2.5,2,0,4
800,2,2,1,4,1.5,5,1,0,0,0,0,0,0,4,1.091198807,1,4.5,1,0,2
801,2,3,1.5,4,1,6,1,0,0,1,0,1,0,4,0.248651989,2,3,2,0.5,3
802,2,2,2,4,3,3,1,0,0,1,0,0,0,4,0.737404779,1,4,2.5,0.5,2
803,3,2,3,3,1,2,0,1,0,0,1,1,0,4,1.091198807,2,4.5,3.5,1,4
804,3,1,1.5,3,1,2,0,0,0,1,0,1,0,4,0.519820881,1,3,1,1,2
805,1,1,1,2,1,5,0,0,0,1,0,1,0,4,0.237751441,2,5,3.5,0,1
806,1,2,1,4,2.5,5,0,0,0,1,0,1,0,4,0.752263199,1,3.5,2,0,1
807,3,4,2,5,3.5,2,1,0,0,0,1,0,1,4,1.040470149,1,2,1,1,4
808,3,4,2,2,2.5,2,0,0,0,0,1,0,1,4,0.566472814,2,4,2,1,4
809,3,5,1,5,1,2,0,0,0,0,0,1,0,2,0.172278298,2,2,1,1,4
810,3,3,1,3,4.5,6,1,0,0,0,0,0,1,4,1.091198807,2,2.5,2,0.5,4
811,2.5,3,2.5,5,2.5,2,1,0,0,0,1,0,1,4,0.177371421,1,2.5,2,1,4
812,2.5,3,1.5,5,2,2,1,0,0,1,0,1,0,4,0.863286739,1,4,1,1,3
813,3,3,2,3,2,2,1,0,0,0,1,0,0,3,1.040470149,2,3,1,1,3
814,2,2,1,2,3,2,1,0,0,0,1,0,1,4,1.009980482,1,3.5,4,0,2
815,3,2,1.5,4,4.5,2,1,0,0,1,0,1,0,4,1.091198807,2,2.5,2,0.5,3
816,1,1,1,2,2.5,3,1,0,0,1,0,1,0,4,-1.199978922,1,4,3,0,1
817,3,4,3,4,2.5,2,1,0,0,0,0,0,1,4,-1.130217879,1,3,2,1,4
818,3,3,1.5,3,4.5,2,1,0,0,0,1,0,1,4,0.469092223,1,3,2.5,1,4
819,2,3,2.5,4,3,2,0,0,0,0,1,0,1,4,0.434525831,1,3,3,0.5,3
820,2,3,1.5,4,3,5,1,0,0,1,0,1,0,3,-0.523577053,2,3,2,0,2
821,3,4,1,3,4,2,0,0,0,0,1,0,1,4,0.545549371,1,4.5,3,0.5,4
822,3,3,2,5,2.5,2,0,0,0,0,1,0,1,4,0.959251824,2,3.5,1.5,1,4
823,2,4,2,4,2,2,0,0,0,0,1,1,0,4,1.040470149,1,2.5,1.5,1,3
824,1,4,1,4,1,6,1,0,1,1,0,1,0,4,0.81255808,2,4.5,4,1,1
825,1,1,1,1,2.5,3,0,0,0,0,0,0,0,4,0.469092223,1,4.5,3,0,3
826,3,2,2,2,1.5,6,1,0,0,0,1,0,1,4,0.711748775,2,4.5,3,0,4
827,3,2,1.5,4,3,3,1,0,0,0,1,0,1,4,0.692243115,2,2.5,2,0.5,4
828,1,3,1,5,1,6,1,0,0,1,0,1,0,4,0.81255808,2,4,5,0.5,4
829,3,2,1,5,2.5,6,1,0,0,0,0,0,0,3,1.091198807,2,4.5,1.5,1,4
830,1.5,2,1.5,2,4,3,1,0,0,0,1,0,1,1,-1.50786199,2,2,1,1,3
831,3,2,2,2,2,6,1,0,0,0,1,0,1,4,1.040470149,1,5,2,1,4
832,1,1,1,3,2,6,1,0,0,1,0,1,0,4,0.692243115,2,5,1.5,0,1
833,3,4,2.5,5,5,6,1,0,0,0,1,0,1,4,-0.023923715,1,5,1,0.5,4
834,2,3,1.5,3,4,6,1,0,0,1,0,1,0,4,0.237751441,1,3.5,3,0.5,2
835,3,5,2.5,5,2.5,5,1,0,0,0,1,0,1,4,0.287832087,1,2,1,0.5,4
836,3,5,3,5,4.5,5,1,1,0,1,0,0,1,4,-0.795567895,1,3.5,2,1,4
837,2,5,3,4,2.5,3,1,1,0,0,1,1,0,3,0.029910183,1,2.5,3,1,3
838,2.5,2,1,2,1.5,4,0,0,0,0,1,0,1,1,-0.227151266,2,2,4,1,2
839,3,3,2,2,3,2,0,0,0,0,1,0,0,4,0.81255808,2,3.5,2.5,1,3
840,3,2,2,3,3,5,1,0,0,1,0,1,0,3,0.959251824,2,4,2.5,0,4
841,1,1,1,4,1,3,1,0,0,1,0,1,0,3,0.959251824,2,2.5,2,0,1
842,2,1,1,1,5,3,1,0,0,1,0,1,0,4,-1.729709036,2,5,5,0,4
843,1.5,2,1.5,4,3.5,5,1,0,0,1,0,1,0,4,-0.145932941,2,3.5,2.5,0.5,2
844,3,5,3,5,2.5,3,0,0,0,0,1,0,1,4,1.040470149,2,5,4.5,1,4
845,3,4,2.5,5,3,3,1,0,0,0,1,0,1,2,-1.04603224,1,1.5,1,1,4
846,2,4,2,4,3.5,3,1,0,0,0,0,0,0,3,-0.584232497,1,2.5,3,0.5,3
847,3,1,1,4,1.5,2,0,0,0,0,1,0,1,4,1.091198807,1,4,2,1,4
848,2,2,1.5,2,4.5,3,0,0,0,0,1,0,1,4,0.469092223,1,4.5,4,0,3
849,3,2,2,4,3,4,1,0,0,0,1,0,1,4,1.091198807,1,3.5,1.5,0.5,4
850,3,2,2,2,3.5,5,1,0,0,0,1,0,1,4,0.41977907,1,5,2.5,0.5,4
851,3,5,1,4,4.5,6,1,0,0,1,0,1,0,3,-0.170617459,1,3.5,2,1,4
852,3,4,1.5,4,4.5,1,1,0,0,0,0,1,0,3,-0.96155672,1,2.5,2,0.5,2
853,3,2,2,4,3.5,5,1,0,0,0,1,0,1,3,0.287832087,1,4.5,2,0.5,4
854,1,4,1,5,4.5,5,0,0,0,0,0,1,0,3,-0.260928135,1,1.5,2.5,0,1
855,3,5,3,5,2.5,4,1,0,0,0,0,1,0,2,-1.583015292,1,2.5,1,1,3
856,2,2,2,4,1.5,2,0,0,0,0,0,1,0,4,0.359760667,2,2.5,1.5,0.5,3
857,3,4,2.5,5,3,1,1,0,0,0,1,0,1,4,-0.568811204,1,3.5,1,0.5,4
858,2.5,2,1.5,4,1.5,2,1,0,0,0,1,0,1,4,-0.040889286,1,2,3,0.5,4
859,3,3,1.5,2,1.5,3,1,0,0,1,0,1,0,3,-1.04422632,1,3.5,2.5,1,2
860,3,5,1,4,3.5,3,1,1,0,1,0,1,0,2,-1.375915007,1,1.5,3,1,1
861,3,4,3,2,2,2,0,1,0,0,1,1,0,3,0.504675012,1,3,4,1,4
862,1.5,1,1,5,4,3,1,0,0,0,0,0,1,2,-1.81092736,2,4,3,0,2
863,2,2,2,2,2,3,1,0,0,1,0,1,0,2,-1.50786199,1,3,2.5,1,4
864,2,3,2,3,3,5,1,0,0,0,1,0,0,2,-1.729709036,1,3,2,0.5,1
865,3,4,2.5,4,3,4,1,0,0,0,0,0,1,2,-1.664233617,1,3,2,0.5,4
866,3,3,1,2,1.5,5,1,0,0,1,0,0,1,3,-0.287418573,1,3.5,1,0,2
867,3,3,1.5,4,3,3,1,0,0,0,1,0,1,1,-1.448749007,1,2,2.5,0,4
868,2.5,3,1,4,5,5,1,0,0,1,0,1,0,2,-1.448749007,1,3,2,0,2
869,2.5,5,1.5,5,2.5,2,1,0,1,1,0,1,0,1,-1.159634956,1,3,2,0,1
870,3,3,2,3,2,3,0,0,0,0,1,0,1,1,1.091198807,1,3,3,0,3
871,2,5,1.5,4,3,5,1,0,0,1,0,1,0,4,-1.50786199,1,3,1,0,1
872,2,4,2,4,1,5,1,0,0,0,1,0,1,2,-1.81092736,1,2.5,3,1,2
873,1,3,1,3,1.5,2,0,0,0,0,0,0,0,4,1.040470149,2,3.5,2,0.5,2
874,3,3,2.5,3,3.5,3,1,1,0,0,0,1,0,2,-1.861656019,1,3,2,1,4
875,3,3,2,5,3.5,2,1,0,1,0,1,0,1,4,0.61578369,2,4.5,3,0.5,3
876,3,4,2,3,3.5,2,0,1,0,0,0,1,0,2,-1.458939252,2,2.5,3,0,4
877,2.5,5,3,5,5,5,0,0,0,1,0,1,0,4,-0.307102554,2,3,1.5,0,4
878,3,3,3,4,1,4,0,0,0,0,1,0,1,3,0.161950127,1,3,3,1,4
879,1,5,1,5,5,2,1,0,0,1,0,0,0,2,-0.489010661,1,5,1,0.5,1
880,3,1,1,4,2,5,0,0,0,1,0,1,0,3,-0.988080651,1,3,3,0.5,2
881,1.5,2,1.5,4,2.5,4,1,0,0,0,0,1,0,1,-1.583015292,2,1.5,2,0.5,2
882,3,4,2.5,5,4.5,3,1,1,0,1,0,1,0,3,-1.286201367,1,3.5,1,0.5,3
883,1,4,2,4,4,3,1,0,0,1,0,0,0,3,-0.629868033,1,1,2.5,0,2
884,2,3,2,3,2,2,1,0,0,0,0,0,1,NA,-0.292626685,1,3,3,1,1
885,3,4,3,3,2.5,3,1,0,0,0,1,0,0,1,-1.714962275,1,3.5,3.5,0.5,4
886,2,3,2.5,4,2.5,5,0,0,0,1,0,1,0,3,-0.023923715,1,3,1.5,0,2
887,2,3,2,3,3,2,1,0,1,0,0,0,0,2,-1.780437694,1,3,3,1,3
888,2,3,2,3,2,1,0,0,0,0,0,1,0,NA,-0.145932941,1,3,3,0.5,3
889,3,2,1,3,5,2,1,0,1,0,1,0,1,3,0.212678786,2,4.5,3,0.5,4
890,3,2,2,5,2.5,5,1,0,0,0,1,0,1,4,0.409841313,2,4.5,1,0,2
891,1.5,4,1.5,4,1,5,0,0,0,0,0,1,0,1,-1.780437694,2,1.5,2,1,2
892,3,2,2.5,3,1,2,0,1,0,1,0,1,0,3,-0.43867014,2,3,5,1,4
893,3,3,2.5,3,5,2,1,1,0,1,0,0,0,2,-1.861656019,1,3,3,1,3
894,3,4,1,4,3.5,2,1,0,0,0,0,0,0,3,-0.650706338,2,2.5,3,0,3
895,1.5,2,1,3,4,5,0,0,0,0,1,0,1,3,0.297686387,2,4,2,0,2
896,3,5,3,5,2,3,1,1,0,0,0,1,0,4,0.515744156,1,3.5,1,1,4
897,2.5,1,2,2,3.5,3,0,0,0,0,0,0,0,4,1.040470149,2,3,2,0.5,2
898,3,4,1,2,2.5,1,1,0,0,0,0,0,0,2,0.115298194,1,3,4,0.5,4
899,2.5,4,1.5,4,4,3,1,0,0,0,0,1,0,3,-1.861656019,1,3,4,0.5,1
900,3,4,2,3,3.5,3,1,0,0,0,0,1,0,1,-1.448749007,2,3,3,0.5,4
901,2,2,2,4,3.5,3,1,0,0,1,0,0,1,1,-1.81092736,1,1,3,0,1
902,3,2,1.5,4,3.5,5,1,0,0,0,1,0,1,3,-0.607762691,2,4,3,1,4
903,3,2,3,2,3.5,5,0,0,0,0,0,0,1,3,0.037133114,2,4.5,4.5,0.5,4
904,1,3,2,5,3,3,0,0,0,1,0,1,0,3,-1.714962275,2,2,1,0.5,1
905,3,2,2,5,5,2,1,0,0,0,1,0,1,3,-1.861656019,2,4,1.5,1,4
906,2,2,1,4,2.5,3,0,0,0,1,0,1,0,1,-0.11488468,2,4,1.5,0,3
907,3,2,2.5,3,4.5,4,1,0,1,0,1,1,0,1,-1.729709036,1,3,3,0.5,3
908,1,4,1,4,1.5,5,0,0,1,1,0,1,0,2,-0.37384501,1,3,3,0.5,1
909,3,2,2,2,3,5,1,1,0,1,0,1,0,3,-0.11488468,2,4.5,4,0.5,3
910,3,3,3,5,4,5,1,1,0,1,0,1,0,2,-1.63374395,2,2.5,3,1,4
911,3,3,1.5,3,4.5,2,1,0,0,0,0,1,0,3,-1.356350548,1,3,3.5,1,3
912,3,2,2,2,3,3,0,1,0,1,0,1,0,2,-0.130787072,1,1,2,0,4
913,1.5,2,1,2,5,5,0,0,0,1,0,0,0,4,1.091198807,2,3.5,1.5,0,3
914,3,4,1,5,2,5,0,0,0,1,0,1,0,4,-0.362387728,1,5,1,0.5,3
915,3,3,1.5,3,4.5,2,1,0,0,0,1,0,1,3,0.016294809,1,2,2,0,2
916,3,3,2.5,5,4,2,1,0,0,0,0,1,0,4,0.504675012,2,2.5,2,0,4
917,2,4,2,5,5,2,0,0,0,0,0,0,0,1,-1.861656019,1,1,2,1,1
918,2,4,1,4,2.5,4,0,0,0,0,0,1,0,1,-1.583015292,1,2,1.5,1,2
919,3,1,2,3,4,3,0,0,0,0,0,0,0,1,-1.780437694,2,2,1.5,0.5,4
920,2.5,4,1.5,4,3.5,3,0,0,0,0,1,1,0,3,-0.242665521,1,3,2,0,3
921,2,2,1,2,1.5,5,0,0,0,0,1,0,1,4,1.040470149,2,4,4,0.5,2
922,1.5,3,1,4,3,3,1,0,0,1,0,1,0,4,0.348303385,2,3.5,3,0.5,1
923,3,2,2,3,1.5,6,0,1,0,1,0,1,0,4,0.893776405,2,3.5,4,1,4
924,3,5,2,3,4,2,1,0,0,0,0,0,1,NA,-1.448749007,2,3,3,1,4
925,1,3,2,1,1,1,0,0,1,1,0,0,0,3,0.73258708,1,3,4,0.5,3
926,3,1,2,2,1,3,1,0,1,0,0,0,0,4,-0.064923515,1,2.5,1,1,4
927,3,5,3,5,1,5,1,1,0,0,1,1,0,3,-0.241507613,1,5,5,1,4
928,3,4,2.5,3,3.5,2,1,0,0,0,1,0,1,3,0.81255808,1,3.5,2.5,0.5,4
929,1.5,4,2,1,1,2,0,0,1,0,0,0,0,1,-1.861656019,1,1.5,4,1,2
930,3,4,2.5,3,2,2,1,1,0,1,0,1,0,1,-0.167512219,1,3,3,1,4
931,2,5,2.5,3,4,2,0,0,0,0,1,0,0,3,-1.729709036,1,2,2,1,3
932,3,4,3,4,1.5,2,1,0,0,0,1,0,1,3,-0.020050981,1,2,2.5,1,4
933,3,3,2.5,4,4,2,0,1,0,0,0,1,0,2,-1.780437694,1,2.5,3,1,4
934,3,1,2,4,1,5,0,0,0,0,1,0,1,2,0.322647382,2,2.5,3.5,1,4
935,3,2,1.5,2,4.5,2,1,0,0,1,0,1,0,3,-1.013736654,2,2,2,0,4
936,3,4,3,5,3.5,1,1,0,0,0,1,0,0,2,-1.336930026,2,2,3,1,4
937,3,3,1.5,3,3.5,3,0,0,0,1,0,0,0,1,-1.780437694,1,2.5,3,1,2
938,1,2,2,3,2,2,0,0,0,0,0,0,0,2,-1.861656019,1,2,1,0.5,2
939,2.5,4,3,4,5,2,1,0,0,0,0,0,0,2,-1.861656019,1,3,2,0.5,3
940,3,5,2,5,2,2,1,0,0,0,0,0,1,2,-1.151056184,1,3.5,2,1,3
941,3,5,3,5,5,1,1,0,0,0,0,1,0,NA,-1.780437694,1,4,1,0.5,2
942,3,5,2.5,3,5,2,1,0,0,0,0,0,0,1,-1.81092736,1,3,1,1,2
943,3,1,1.5,2,2,5,0,0,0,0,1,0,1,3,-0.766233606,2,4,4,0.5,4
944,2.5,3,2,3,2.5,2,1,0,0,0,0,0,0,1,-1.81092736,2,1.5,3,0,2
945,3,3,2.5,4,1.5,5,0,0,1,0,0,0,0,1,-0.11488468,2,2,1.5,0.5,3
946,2.5,1,1.5,1,1,1,1,0,1,0,1,0,1,NA,0.55540367,1,3,3,0.5,3
947,2.5,4,1.5,2,4,2,1,0,1,1,0,0,1,3,-0.840205009,1,2.5,3.5,0,4
948,3,5,1,5,5,2,0,0,0,1,0,0,1,4,0.113027389,2,2.5,1.5,0.5,4
949,2,3,1,3,3,5,0,0,0,1,0,1,0,4,0.81255808,2,5,4,0,1
950,3,3,2,3,3.5,2,1,0,0,0,1,1,0,2,-1.120027634,1,3,1.5,0.5,3
951,3,4,2.5,3,5,2,0,0,0,0,1,0,1,3,-1.583015292,1,3,4.5,1,4
952,2.5,5,2,4,2.5,2,1,0,0,0,0,1,0,3,-1.120027634,1,1.5,2,1,3
953,2,2,1.5,4,3,3,1,0,0,0,1,0,1,4,0.261991938,1,3,2,0.5,2
954,3,4,2,4,1.5,2,1,0,0,0,1,0,1,3,-0.241898027,1,2,1.5,1,4
955,3,3,2.5,4,3,2,1,0,0,0,1,0,0,2,-0.192584874,2,2.5,4,1,4
956,3,3,1,3,3.5,2,0,0,0,0,1,1,0,2,-0.096508129,2,4,3,0.5,2
957,3,5,2.5,4,4,2,1,0,0,1,0,0,1,1,-1.81092736,1,2,1,0.5,3
958,2.5,4,1,4,3.5,2,1,0,0,1,0,1,0,3,0.369050412,2,2.5,2,0.5,2
959,1,3,1,3,1,5,0,0,0,0,1,0,1,4,0.504675012,2,4.5,2,0,1
960,2,3,2,3,2.5,2,1,0,0,0,1,1,0,2,-0.37384501,1,2.5,2.5,0.5,4
961,3,2,2,2,4.5,5,0,1,0,1,0,1,0,3,0.515744156,2,4,2.5,1,4
962,3,3,2,3,4,2,1,0,0,0,0,0,0,NA,-1.780437694,1,3,3,0.5,3
963,3,4,2,4,3.5,2,1,0,1,0,1,1,0,4,0.737404779,1,2,2,0.5,4
964,3,1,1.5,4,2.5,5,0,0,0,0,1,0,1,2,0.41977907,2,4.5,2.5,0.5,3
965,2,2,1,2,3,2,0,0,0,1,0,1,0,3,-0.17970981,2,3,2.5,0,2
966,2,4,2,5,3,3,1,0,0,0,0,1,0,1,-0.84280469,1,1,2.5,0,1
967,2,4,2,5,3,2,1,0,0,0,0,0,0,1,-0.836442254,1,1,1.5,1,2
968,3,3,3,3,3,1,1,1,0,0,0,1,0,2,-0.640058278,1,3,3,1,4
969,3,3,3,3,3,3,1,0,0,0,1,0,1,2,0.056047285,1,1.5,1,0.5,4
970,3,5,3,4,2.5,3,0,0,0,0,1,0,0,2,-0.644614793,1,2.5,2,0.5,4
971,3,4,2,3,2,2,1,0,0,0,0,1,0,3,0.040329039,1,3.5,3.5,1,4
972,3,3,2,5,2,2,1,0,0,0,1,0,1,4,0.41977907,1,3,1,1,4
973,3,4,2,3,3.5,2,1,0,0,0,0,0,1,2,-0.812144566,1,1.5,1.5,1,4
974,2.5,4,2,2,2.5,2,1,0,0,0,0,0,0,4,0.454594365,1,2,4,1,4
975,3,4,2.5,5,4,2,0,0,0,0,0,0,0,2,-0.37384501,1,2,2,1,4
976,3,3,1.5,4,1,2,1,0,0,0,1,0,0,3,-0.725833118,1,3.5,3,1,3
977,2,3,2,4,2.5,2,0,0,0,0,1,0,1,4,0.554840797,2,2.5,1,0.5,3
978,3,4,2,3,2.5,2,1,0,1,1,0,1,0,1,-0.717310867,2,1.5,2,0.5,3
979,3,4,3,4,4.5,2,1,1,0,0,1,1,0,4,-1.861656019,1,4.5,2,1,4
980,3,4,2,4,3.5,3,0,0,0,0,0,0,0,3,0.566472814,2,3.5,1,0.5,3
981,3,4,2.5,4,4.5,2,0,0,0,0,1,0,1,4,1.009980482,1,4,2,1,3
982,3,4,2,4,4,2,1,0,0,1,0,0,0,3,-0.116783561,1,2,1,0.5,3
983,3,4,2.5,3,5,3,1,0,0,0,1,1,0,4,0.18317657,2,2.5,1,0.5,2
984,2,3,1.5,3,3,5,1,0,0,0,0,0,0,2,-1.664233617,2,1,2,0.5,2
985,3,4,1,3,3.5,6,1,0,1,0,0,0,0,4,0.111896002,1,4.5,3,0.5,4
986,3,3,2.5,4,3,2,0,0,0,0,1,0,1,4,1.009980482,2,4.5,1.5,1,4
987,3,4,1.5,4,3,2,0,0,0,1,0,0,1,4,0.70153454,1,3.5,2,1,4
988,3,4,3,3,2.5,1,0,1,0,0,1,1,0,2,-1.780437694,1,3,2.5,1,4
989,3,3,2.5,3,2,2,0,0,0,0,1,0,1,4,1.091198807,1,2.5,2.5,1,3
990,3,4,2.5,3,4.5,1,1,1,0,0,0,0,0,2,-1.714962275,1,1.5,3.5,0.5,3
991,3,4,2.5,4,2.5,1,1,1,0,0,0,1,0,3,1.040470149,1,3,2,1,4
992,3,5,3,5,3,4,1,1,0,0,1,0,1,3,0.515744156,2,3,3,1,4
993,3,4,2.5,3,3,2,1,1,0,0,0,1,0,3,-1.861656019,1,2.5,3,1,4
994,2.5,4,1,3,2.5,6,1,1,0,0,0,0,0,4,0.959251824,1,3.5,2,0.5,4
995,1,2,1,4,1.5,5,0,0,1,1,0,0,0,4,1.040470149,2,4,2,0,1
996,3,4,3,5,2.5,2,1,1,0,1,0,1,0,2,-0.094813869,1,2,2,1,4
997,3,4,1.5,2,1.5,2,1,0,1,0,0,1,0,3,0.515744156,1,2.5,2,1,4
998,1,3,2,3,2,2,1,0,1,0,1,1,0,2,-0.262734055,2,3,3,0.5,4
999,2,2,1,3,2.5,2,1,1,0,0,0,1,0,4,1.091198807,1,4,2,0,4
1000,3,3,3,3,3,2,1,1,0,0,0,0,0,1,-1.861656019,1,3,3,0,3
